time,action,to_zone,reason,unit_id
2025-02-04 08:00:00,activate,G11_08,Unit 7 called in: incidents forecast x2.1 normal,7
2025-02-04 08:00:00,activate,G11_08,Unit 8 called in: incidents forecast x2.1 normal,8
2025-02-04 08:00:00,activate,G11_08,Unit 9 called in: incidents forecast x2.1 normal,9
2025-02-04 08:00:00,activate,G11_08,Unit 10 called in: incidents forecast x2.1 normal,10
2025-02-04 08:00:00,move,G07_13,"Unit 1 -> zone G07_13 (SE): forecast 0.11 incidents next 3 h, saves ~7.1 expected min (x2.1 normal)",1
2025-02-04 08:00:00,move,G12_10,"Unit 7 -> zone G12_10 (NE): forecast 0.38 incidents next 3 h, saves ~5.6 expected min (x2.1 normal)",7
2025-02-04 08:00:00,move,G05_07,"Unit 8 -> zone G05_07 (SW): forecast 0.04 incidents next 3 h, saves ~5.1 expected min (x2.1 normal)",8
2025-02-04 08:00:00,move,G15_13,"Unit 9 -> zone G15_13 (NE): forecast 0.1 incidents next 3 h, saves ~4.7 expected min (x2.1 normal)",9
2025-02-04 09:00:00,move,G13_07,"Unit 6 -> zone G13_07 (NW): forecast 0.21 incidents next 3 h, saves ~4.4 expected min (x3.4 normal)",6
2025-02-04 12:00:00,move,G17_09,"Unit 3 -> zone G17_09 (NE): forecast 0.12 incidents next 3 h, saves ~3.1 expected min (x4.5 normal)",3
2025-02-04 22:00:00,stand down,G12_10,Unit 7 stood down: forecast back to x1.7 normal,7
2025-02-04 22:00:00,stand down,G05_07,Unit 8 stood down: forecast back to x1.7 normal,8
2025-02-04 22:00:00,stand down,G15_13,Unit 9 stood down: forecast back to x1.7 normal,9
2025-02-04 22:00:00,stand down,G11_08,Unit 10 stood down: forecast back to x1.7 normal,10
