time,unit_id,lat,lon,zone_id,status
2025-02-04 00:00:00,1,51.047,-114.082,G11_08,staged
2025-02-04 00:00:00,2,51.101,-114.138,G14_06,staged
2025-02-04 00:00:00,3,51.083,-113.97,G13_12,staged
2025-02-04 00:00:00,4,50.975,-114.11,G07_07,staged
2025-02-04 00:00:00,5,50.957,-114.026,G06_10,staged
2025-02-04 00:00:00,6,51.155,-114.082,G17_08,staged
2025-02-04 00:05:00,1,51.047,-114.082,G11_08,staged
2025-02-04 00:05:00,2,51.101,-114.138,G14_06,staged
2025-02-04 00:05:00,3,51.083,-113.97,G13_12,staged
2025-02-04 00:05:00,4,50.975,-114.11,G07_07,staged
2025-02-04 00:05:00,5,50.957,-114.026,G06_10,staged
2025-02-04 00:05:00,6,51.155,-114.082,G17_08,staged
2025-02-04 00:10:00,1,51.047,-114.082,G11_08,staged
2025-02-04 00:10:00,2,51.101,-114.138,G14_06,staged
2025-02-04 00:10:00,3,51.083,-113.97,G13_12,staged
2025-02-04 00:10:00,4,50.975,-114.11,G07_07,staged
2025-02-04 00:10:00,5,50.957,-114.026,G06_10,staged
2025-02-04 00:10:00,6,51.155,-114.082,G17_08,staged
2025-02-04 00:15:00,1,51.047,-114.082,G11_08,staged
2025-02-04 00:15:00,2,51.101,-114.138,G14_06,staged
2025-02-04 00:15:00,3,51.083,-113.97,G13_12,staged
2025-02-04 00:15:00,4,50.975,-114.11,G07_07,staged
2025-02-04 00:15:00,5,50.957,-114.026,G06_10,staged
2025-02-04 00:15:00,6,51.155,-114.082,G17_08,staged
2025-02-04 00:20:00,1,51.047,-114.082,G11_08,staged
2025-02-04 00:20:00,2,51.101,-114.138,G14_06,staged
2025-02-04 00:20:00,3,51.083,-113.97,G13_12,staged
2025-02-04 00:20:00,4,50.975,-114.11,G07_07,staged
2025-02-04 00:20:00,5,50.957,-114.026,G06_10,staged
2025-02-04 00:20:00,6,51.155,-114.082,G17_08,staged
2025-02-04 00:25:00,1,51.047,-114.082,G11_08,staged
2025-02-04 00:25:00,2,51.101,-114.138,G14_06,staged
2025-02-04 00:25:00,3,51.10583,-113.9704,G14_12,responding
2025-02-04 00:25:00,4,50.975,-114.11,G07_07,staged
2025-02-04 00:25:00,5,50.957,-114.026,G06_10,staged
2025-02-04 00:25:00,6,51.155,-114.082,G17_08,staged
2025-02-04 00:30:00,1,51.047,-114.082,G11_08,staged
2025-02-04 00:30:00,2,51.101,-114.138,G14_06,staged
2025-02-04 00:30:00,3,51.12889,-113.97081,G16_12,responding
2025-02-04 00:30:00,4,50.975,-114.11,G07_07,staged
2025-02-04 00:30:00,5,50.957,-114.026,G06_10,staged
2025-02-04 00:30:00,6,51.155,-114.082,G17_08,staged
2025-02-04 00:35:00,1,51.047,-114.082,G11_08,staged
2025-02-04 00:35:00,2,51.101,-114.138,G14_06,staged
2025-02-04 00:35:00,3,51.13263,-113.97087,G16_12,on_scene
2025-02-04 00:35:00,4,50.975,-114.11,G07_07,staged
2025-02-04 00:35:00,5,50.957,-114.026,G06_10,staged
2025-02-04 00:35:00,6,51.155,-114.082,G17_08,staged
2025-02-04 00:40:00,1,51.047,-114.082,G11_08,staged
2025-02-04 00:40:00,2,51.101,-114.138,G14_06,staged
2025-02-04 00:40:00,3,51.13263,-113.97087,G16_12,on_scene
2025-02-04 00:40:00,4,50.975,-114.11,G07_07,staged
2025-02-04 00:40:00,5,50.957,-114.026,G06_10,staged
2025-02-04 00:40:00,6,51.155,-114.082,G17_08,staged
2025-02-04 00:45:00,1,51.047,-114.082,G11_08,staged
2025-02-04 00:45:00,2,51.101,-114.138,G14_06,staged
2025-02-04 00:45:00,3,51.13263,-113.97087,G16_12,on_scene
2025-02-04 00:45:00,4,50.975,-114.11,G07_07,staged
2025-02-04 00:45:00,5,50.957,-114.026,G06_10,staged
2025-02-04 00:45:00,6,51.155,-114.082,G17_08,staged
2025-02-04 00:50:00,1,51.047,-114.082,G11_08,staged
2025-02-04 00:50:00,2,51.101,-114.138,G14_06,staged
2025-02-04 00:50:00,3,51.13263,-113.97087,G16_12,on_scene
2025-02-04 00:50:00,4,50.975,-114.11,G07_07,staged
2025-02-04 00:50:00,5,50.957,-114.026,G06_10,staged
2025-02-04 00:50:00,6,51.155,-114.082,G17_08,staged
2025-02-04 00:55:00,1,51.047,-114.082,G11_08,staged
2025-02-04 00:55:00,2,51.101,-114.138,G14_06,staged
2025-02-04 00:55:00,3,51.13263,-113.97087,G16_12,on_scene
2025-02-04 00:55:00,4,50.975,-114.11,G07_07,staged
2025-02-04 00:55:00,5,50.957,-114.026,G06_10,staged
2025-02-04 00:55:00,6,51.155,-114.082,G17_08,staged
2025-02-04 01:00:00,1,51.047,-114.082,G11_08,staged
2025-02-04 01:00:00,2,51.101,-114.138,G14_06,staged
2025-02-04 01:00:00,3,51.13263,-113.97087,G16_12,on_scene
2025-02-04 01:00:00,4,50.975,-114.11,G07_07,staged
2025-02-04 01:00:00,5,50.957,-114.026,G06_10,staged
2025-02-04 01:00:00,6,51.155,-114.082,G17_08,staged
2025-02-04 01:05:00,1,51.047,-114.082,G11_08,staged
2025-02-04 01:05:00,2,51.101,-114.138,G14_06,staged
2025-02-04 01:05:00,3,51.11331,-113.97053,G15_12,returning
2025-02-04 01:05:00,4,50.975,-114.11,G07_07,staged
2025-02-04 01:05:00,5,50.957,-114.026,G06_10,staged
2025-02-04 01:05:00,6,51.155,-114.082,G17_08,staged
2025-02-04 01:10:00,1,51.047,-114.082,G11_08,staged
2025-02-04 01:10:00,2,51.101,-114.138,G14_06,staged
2025-02-04 01:10:00,3,51.09025,-113.97013,G13_12,returning
2025-02-04 01:10:00,4,50.975,-114.11,G07_07,staged
2025-02-04 01:10:00,5,50.957,-114.026,G06_10,staged
2025-02-04 01:10:00,6,51.155,-114.082,G17_08,staged
2025-02-04 01:15:00,1,51.047,-114.082,G11_08,staged
2025-02-04 01:15:00,2,51.101,-114.138,G14_06,staged
2025-02-04 01:15:00,3,51.083,-113.97,G13_12,staged
2025-02-04 01:15:00,4,50.975,-114.11,G07_07,staged
2025-02-04 01:15:00,5,50.957,-114.026,G06_10,staged
2025-02-04 01:15:00,6,51.155,-114.082,G17_08,staged
2025-02-04 01:20:00,1,51.047,-114.082,G11_08,staged
2025-02-04 01:20:00,2,51.101,-114.138,G14_06,staged
2025-02-04 01:20:00,3,51.083,-113.97,G13_12,staged
2025-02-04 01:20:00,4,50.975,-114.11,G07_07,staged
2025-02-04 01:20:00,5,50.957,-114.026,G06_10,staged
2025-02-04 01:20:00,6,51.155,-114.082,G17_08,staged
2025-02-04 01:25:00,1,51.047,-114.082,G11_08,staged
2025-02-04 01:25:00,2,51.101,-114.138,G14_06,staged
2025-02-04 01:25:00,3,51.083,-113.97,G13_12,staged
2025-02-04 01:25:00,4,50.975,-114.11,G07_07,staged
2025-02-04 01:25:00,5,50.957,-114.026,G06_10,staged
2025-02-04 01:25:00,6,51.155,-114.082,G17_08,staged
2025-02-04 01:30:00,1,51.047,-114.082,G11_08,staged
2025-02-04 01:30:00,2,51.101,-114.138,G14_06,staged
2025-02-04 01:30:00,3,51.083,-113.97,G13_12,staged
2025-02-04 01:30:00,4,50.975,-114.11,G07_07,staged
2025-02-04 01:30:00,5,50.957,-114.026,G06_10,staged
2025-02-04 01:30:00,6,51.155,-114.082,G17_08,staged
2025-02-04 01:35:00,1,51.047,-114.082,G11_08,staged
2025-02-04 01:35:00,2,51.101,-114.138,G14_06,staged
2025-02-04 01:35:00,3,51.083,-113.97,G13_12,staged
2025-02-04 01:35:00,4,50.975,-114.11,G07_07,staged
2025-02-04 01:35:00,5,50.957,-114.026,G06_10,staged
2025-02-04 01:35:00,6,51.155,-114.082,G17_08,staged
2025-02-04 01:40:00,1,51.047,-114.082,G11_08,staged
2025-02-04 01:40:00,2,51.101,-114.138,G14_06,staged
2025-02-04 01:40:00,3,51.083,-113.97,G13_12,staged
2025-02-04 01:40:00,4,50.975,-114.11,G07_07,staged
2025-02-04 01:40:00,5,50.957,-114.026,G06_10,staged
2025-02-04 01:40:00,6,51.155,-114.082,G17_08,staged
2025-02-04 01:45:00,1,51.047,-114.082,G11_08,staged
2025-02-04 01:45:00,2,51.101,-114.138,G14_06,staged
2025-02-04 01:45:00,3,51.083,-113.97,G13_12,staged
2025-02-04 01:45:00,4,50.975,-114.11,G07_07,staged
2025-02-04 01:45:00,5,50.957,-114.026,G06_10,staged
2025-02-04 01:45:00,6,51.155,-114.082,G17_08,staged
2025-02-04 01:50:00,1,51.047,-114.082,G11_08,staged
2025-02-04 01:50:00,2,51.101,-114.138,G14_06,staged
2025-02-04 01:50:00,3,51.083,-113.97,G13_12,staged
2025-02-04 01:50:00,4,50.975,-114.11,G07_07,staged
2025-02-04 01:50:00,5,50.957,-114.026,G06_10,staged
2025-02-04 01:50:00,6,51.155,-114.082,G17_08,staged
2025-02-04 01:55:00,1,51.047,-114.082,G11_08,staged
2025-02-04 01:55:00,2,51.101,-114.138,G14_06,staged
2025-02-04 01:55:00,3,51.083,-113.97,G13_12,staged
2025-02-04 01:55:00,4,50.975,-114.11,G07_07,staged
2025-02-04 01:55:00,5,50.957,-114.026,G06_10,staged
2025-02-04 01:55:00,6,51.155,-114.082,G17_08,staged
2025-02-04 02:00:00,1,51.047,-114.082,G11_08,staged
2025-02-04 02:00:00,2,51.101,-114.138,G14_06,staged
2025-02-04 02:00:00,3,51.083,-113.97,G13_12,staged
2025-02-04 02:00:00,4,50.975,-114.11,G07_07,staged
2025-02-04 02:00:00,5,50.957,-114.026,G06_10,staged
2025-02-04 02:00:00,6,51.155,-114.082,G17_08,staged
2025-02-04 02:05:00,1,51.047,-114.082,G11_08,staged
2025-02-04 02:05:00,2,51.101,-114.138,G14_06,staged
2025-02-04 02:05:00,3,51.083,-113.97,G13_12,staged
2025-02-04 02:05:00,4,50.975,-114.11,G07_07,staged
2025-02-04 02:05:00,5,50.957,-114.026,G06_10,staged
2025-02-04 02:05:00,6,51.155,-114.082,G17_08,staged
2025-02-04 02:10:00,1,51.047,-114.082,G11_08,staged
2025-02-04 02:10:00,2,51.101,-114.138,G14_06,staged
2025-02-04 02:10:00,3,51.083,-113.97,G13_12,staged
2025-02-04 02:10:00,4,50.975,-114.11,G07_07,staged
2025-02-04 02:10:00,5,50.957,-114.026,G06_10,staged
2025-02-04 02:10:00,6,51.155,-114.082,G17_08,staged
2025-02-04 02:15:00,1,51.047,-114.082,G11_08,staged
2025-02-04 02:15:00,2,51.101,-114.138,G14_06,staged
2025-02-04 02:15:00,3,51.083,-113.97,G13_12,staged
2025-02-04 02:15:00,4,50.975,-114.11,G07_07,staged
2025-02-04 02:15:00,5,50.957,-114.026,G06_10,staged
2025-02-04 02:15:00,6,51.155,-114.082,G17_08,staged
2025-02-04 02:20:00,1,51.047,-114.082,G11_08,staged
2025-02-04 02:20:00,2,51.101,-114.138,G14_06,staged
2025-02-04 02:20:00,3,51.083,-113.97,G13_12,staged
2025-02-04 02:20:00,4,50.975,-114.11,G07_07,staged
2025-02-04 02:20:00,5,50.957,-114.026,G06_10,staged
2025-02-04 02:20:00,6,51.155,-114.082,G17_08,staged
2025-02-04 02:25:00,1,51.047,-114.082,G11_08,staged
2025-02-04 02:25:00,2,51.101,-114.138,G14_06,staged
2025-02-04 02:25:00,3,51.083,-113.97,G13_12,staged
2025-02-04 02:25:00,4,50.975,-114.11,G07_07,staged
2025-02-04 02:25:00,5,50.957,-114.026,G06_10,staged
2025-02-04 02:25:00,6,51.155,-114.082,G17_08,staged
2025-02-04 02:30:00,1,51.047,-114.082,G11_08,staged
2025-02-04 02:30:00,2,51.101,-114.138,G14_06,staged
2025-02-04 02:30:00,3,51.083,-113.97,G13_12,staged
2025-02-04 02:30:00,4,50.975,-114.11,G07_07,staged
2025-02-04 02:30:00,5,50.957,-114.026,G06_10,staged
2025-02-04 02:30:00,6,51.155,-114.082,G17_08,staged
2025-02-04 02:35:00,1,51.047,-114.082,G11_08,staged
2025-02-04 02:35:00,2,51.101,-114.138,G14_06,staged
2025-02-04 02:35:00,3,51.083,-113.97,G13_12,staged
2025-02-04 02:35:00,4,50.975,-114.11,G07_07,staged
2025-02-04 02:35:00,5,50.957,-114.026,G06_10,staged
2025-02-04 02:35:00,6,51.155,-114.082,G17_08,staged
2025-02-04 02:40:00,1,51.047,-114.082,G11_08,staged
2025-02-04 02:40:00,2,51.101,-114.138,G14_06,staged
2025-02-04 02:40:00,3,51.083,-113.97,G13_12,staged
2025-02-04 02:40:00,4,50.975,-114.11,G07_07,staged
2025-02-04 02:40:00,5,50.957,-114.026,G06_10,staged
2025-02-04 02:40:00,6,51.155,-114.082,G17_08,staged
2025-02-04 02:45:00,1,51.047,-114.082,G11_08,staged
2025-02-04 02:45:00,2,51.101,-114.138,G14_06,staged
2025-02-04 02:45:00,3,51.083,-113.97,G13_12,staged
2025-02-04 02:45:00,4,50.975,-114.11,G07_07,staged
2025-02-04 02:45:00,5,50.957,-114.026,G06_10,staged
2025-02-04 02:45:00,6,51.155,-114.082,G17_08,staged
2025-02-04 02:50:00,1,51.047,-114.082,G11_08,staged
2025-02-04 02:50:00,2,51.101,-114.138,G14_06,staged
2025-02-04 02:50:00,3,51.083,-113.97,G13_12,staged
2025-02-04 02:50:00,4,50.975,-114.11,G07_07,staged
2025-02-04 02:50:00,5,50.957,-114.026,G06_10,staged
2025-02-04 02:50:00,6,51.155,-114.082,G17_08,staged
2025-02-04 02:55:00,1,51.047,-114.082,G11_08,staged
2025-02-04 02:55:00,2,51.101,-114.138,G14_06,staged
2025-02-04 02:55:00,3,51.083,-113.97,G13_12,staged
2025-02-04 02:55:00,4,50.975,-114.11,G07_07,staged
2025-02-04 02:55:00,5,50.957,-114.026,G06_10,staged
2025-02-04 02:55:00,6,51.155,-114.082,G17_08,staged
2025-02-04 03:00:00,1,51.047,-114.082,G11_08,staged
2025-02-04 03:00:00,2,51.101,-114.138,G14_06,staged
2025-02-04 03:00:00,3,51.083,-113.97,G13_12,staged
2025-02-04 03:00:00,4,50.975,-114.11,G07_07,staged
2025-02-04 03:00:00,5,50.957,-114.026,G06_10,staged
2025-02-04 03:00:00,6,51.155,-114.082,G17_08,staged
2025-02-04 03:05:00,1,51.047,-114.082,G11_08,staged
2025-02-04 03:05:00,2,51.101,-114.138,G14_06,staged
2025-02-04 03:05:00,3,51.083,-113.97,G13_12,staged
2025-02-04 03:05:00,4,50.975,-114.11,G07_07,staged
2025-02-04 03:05:00,5,50.957,-114.026,G06_10,staged
2025-02-04 03:05:00,6,51.155,-114.082,G17_08,staged
2025-02-04 03:10:00,1,51.047,-114.082,G11_08,staged
2025-02-04 03:10:00,2,51.101,-114.138,G14_06,staged
2025-02-04 03:10:00,3,51.083,-113.97,G13_12,staged
2025-02-04 03:10:00,4,50.975,-114.11,G07_07,staged
2025-02-04 03:10:00,5,50.957,-114.026,G06_10,staged
2025-02-04 03:10:00,6,51.155,-114.082,G17_08,staged
2025-02-04 03:15:00,1,51.047,-114.082,G11_08,staged
2025-02-04 03:15:00,2,51.101,-114.138,G14_06,staged
2025-02-04 03:15:00,3,51.083,-113.97,G13_12,staged
2025-02-04 03:15:00,4,50.975,-114.11,G07_07,staged
2025-02-04 03:15:00,5,50.957,-114.026,G06_10,staged
2025-02-04 03:15:00,6,51.155,-114.082,G17_08,staged
2025-02-04 03:20:00,1,51.047,-114.082,G11_08,staged
2025-02-04 03:20:00,2,51.101,-114.138,G14_06,staged
2025-02-04 03:20:00,3,51.083,-113.97,G13_12,staged
2025-02-04 03:20:00,4,50.975,-114.11,G07_07,staged
2025-02-04 03:20:00,5,50.957,-114.026,G06_10,staged
2025-02-04 03:20:00,6,51.155,-114.082,G17_08,staged
2025-02-04 03:25:00,1,51.047,-114.082,G11_08,staged
2025-02-04 03:25:00,2,51.101,-114.138,G14_06,staged
2025-02-04 03:25:00,3,51.083,-113.97,G13_12,staged
2025-02-04 03:25:00,4,50.975,-114.11,G07_07,staged
2025-02-04 03:25:00,5,50.957,-114.026,G06_10,staged
2025-02-04 03:25:00,6,51.155,-114.082,G17_08,staged
2025-02-04 03:30:00,1,51.047,-114.082,G11_08,staged
2025-02-04 03:30:00,2,51.101,-114.138,G14_06,staged
2025-02-04 03:30:00,3,51.083,-113.97,G13_12,staged
2025-02-04 03:30:00,4,50.975,-114.11,G07_07,staged
2025-02-04 03:30:00,5,50.957,-114.026,G06_10,staged
2025-02-04 03:30:00,6,51.155,-114.082,G17_08,staged
2025-02-04 03:35:00,1,51.047,-114.082,G11_08,staged
2025-02-04 03:35:00,2,51.101,-114.138,G14_06,staged
2025-02-04 03:35:00,3,51.083,-113.97,G13_12,staged
2025-02-04 03:35:00,4,50.975,-114.11,G07_07,staged
2025-02-04 03:35:00,5,50.957,-114.026,G06_10,staged
2025-02-04 03:35:00,6,51.155,-114.082,G17_08,staged
2025-02-04 03:40:00,1,51.047,-114.082,G11_08,staged
2025-02-04 03:40:00,2,51.101,-114.138,G14_06,staged
2025-02-04 03:40:00,3,51.083,-113.97,G13_12,staged
2025-02-04 03:40:00,4,50.975,-114.11,G07_07,staged
2025-02-04 03:40:00,5,50.957,-114.026,G06_10,staged
2025-02-04 03:40:00,6,51.155,-114.082,G17_08,staged
2025-02-04 03:45:00,1,51.047,-114.082,G11_08,staged
2025-02-04 03:45:00,2,51.101,-114.138,G14_06,staged
2025-02-04 03:45:00,3,51.083,-113.97,G13_12,staged
2025-02-04 03:45:00,4,50.975,-114.11,G07_07,staged
2025-02-04 03:45:00,5,50.957,-114.026,G06_10,staged
2025-02-04 03:45:00,6,51.155,-114.082,G17_08,staged
2025-02-04 03:50:00,1,51.047,-114.082,G11_08,staged
2025-02-04 03:50:00,2,51.101,-114.138,G14_06,staged
2025-02-04 03:50:00,3,51.083,-113.97,G13_12,staged
2025-02-04 03:50:00,4,50.975,-114.11,G07_07,staged
2025-02-04 03:50:00,5,50.957,-114.026,G06_10,staged
2025-02-04 03:50:00,6,51.155,-114.082,G17_08,staged
2025-02-04 03:55:00,1,51.047,-114.082,G11_08,staged
2025-02-04 03:55:00,2,51.101,-114.138,G14_06,staged
2025-02-04 03:55:00,3,51.083,-113.97,G13_12,staged
2025-02-04 03:55:00,4,50.975,-114.11,G07_07,staged
2025-02-04 03:55:00,5,50.957,-114.026,G06_10,staged
2025-02-04 03:55:00,6,51.155,-114.082,G17_08,staged
2025-02-04 04:00:00,1,51.047,-114.082,G11_08,staged
2025-02-04 04:00:00,2,51.101,-114.138,G14_06,staged
2025-02-04 04:00:00,3,51.083,-113.97,G13_12,staged
2025-02-04 04:00:00,4,50.975,-114.11,G07_07,staged
2025-02-04 04:00:00,5,50.957,-114.026,G06_10,staged
2025-02-04 04:00:00,6,51.155,-114.082,G17_08,staged
2025-02-04 04:05:00,1,51.047,-114.082,G11_08,staged
2025-02-04 04:05:00,2,51.101,-114.138,G14_06,staged
2025-02-04 04:05:00,3,51.083,-113.97,G13_12,staged
2025-02-04 04:05:00,4,50.975,-114.11,G07_07,staged
2025-02-04 04:05:00,5,50.957,-114.026,G06_10,staged
2025-02-04 04:05:00,6,51.155,-114.082,G17_08,staged
2025-02-04 04:10:00,1,51.047,-114.082,G11_08,staged
2025-02-04 04:10:00,2,51.101,-114.138,G14_06,staged
2025-02-04 04:10:00,3,51.083,-113.97,G13_12,staged
2025-02-04 04:10:00,4,50.975,-114.11,G07_07,staged
2025-02-04 04:10:00,5,50.957,-114.026,G06_10,staged
2025-02-04 04:10:00,6,51.155,-114.082,G17_08,staged
2025-02-04 04:15:00,1,51.047,-114.082,G11_08,staged
2025-02-04 04:15:00,2,51.101,-114.138,G14_06,staged
2025-02-04 04:15:00,3,51.083,-113.97,G13_12,staged
2025-02-04 04:15:00,4,50.975,-114.11,G07_07,staged
2025-02-04 04:15:00,5,50.957,-114.026,G06_10,staged
2025-02-04 04:15:00,6,51.155,-114.082,G17_08,staged
2025-02-04 04:20:00,1,51.047,-114.082,G11_08,staged
2025-02-04 04:20:00,2,51.101,-114.138,G14_06,staged
2025-02-04 04:20:00,3,51.083,-113.97,G13_12,staged
2025-02-04 04:20:00,4,50.975,-114.11,G07_07,staged
2025-02-04 04:20:00,5,50.957,-114.026,G06_10,staged
2025-02-04 04:20:00,6,51.155,-114.082,G17_08,staged
2025-02-04 04:25:00,1,51.047,-114.082,G11_08,staged
2025-02-04 04:25:00,2,51.101,-114.138,G14_06,staged
2025-02-04 04:25:00,3,51.083,-113.97,G13_12,staged
2025-02-04 04:25:00,4,50.975,-114.11,G07_07,staged
2025-02-04 04:25:00,5,50.957,-114.026,G06_10,staged
2025-02-04 04:25:00,6,51.155,-114.082,G17_08,staged
2025-02-04 04:30:00,1,51.047,-114.082,G11_08,staged
2025-02-04 04:30:00,2,51.101,-114.138,G14_06,staged
2025-02-04 04:30:00,3,51.083,-113.97,G13_12,staged
2025-02-04 04:30:00,4,50.975,-114.11,G07_07,staged
2025-02-04 04:30:00,5,50.957,-114.026,G06_10,staged
2025-02-04 04:30:00,6,51.155,-114.082,G17_08,staged
2025-02-04 04:35:00,1,51.047,-114.082,G11_08,staged
2025-02-04 04:35:00,2,51.101,-114.138,G14_06,staged
2025-02-04 04:35:00,3,51.083,-113.97,G13_12,staged
2025-02-04 04:35:00,4,50.975,-114.11,G07_07,staged
2025-02-04 04:35:00,5,50.957,-114.026,G06_10,staged
2025-02-04 04:35:00,6,51.155,-114.082,G17_08,staged
2025-02-04 04:40:00,1,51.047,-114.082,G11_08,staged
2025-02-04 04:40:00,2,51.101,-114.138,G14_06,staged
2025-02-04 04:40:00,3,51.083,-113.97,G13_12,staged
2025-02-04 04:40:00,4,50.975,-114.11,G07_07,staged
2025-02-04 04:40:00,5,50.957,-114.026,G06_10,staged
2025-02-04 04:40:00,6,51.155,-114.082,G17_08,staged
2025-02-04 04:45:00,1,51.047,-114.082,G11_08,staged
2025-02-04 04:45:00,2,51.101,-114.138,G14_06,staged
2025-02-04 04:45:00,3,51.083,-113.97,G13_12,staged
2025-02-04 04:45:00,4,50.975,-114.11,G07_07,staged
2025-02-04 04:45:00,5,50.957,-114.026,G06_10,staged
2025-02-04 04:45:00,6,51.155,-114.082,G17_08,staged
2025-02-04 04:50:00,1,51.047,-114.082,G11_08,staged
2025-02-04 04:50:00,2,51.101,-114.138,G14_06,staged
2025-02-04 04:50:00,3,51.083,-113.97,G13_12,staged
2025-02-04 04:50:00,4,50.975,-114.11,G07_07,staged
2025-02-04 04:50:00,5,50.957,-114.026,G06_10,staged
2025-02-04 04:50:00,6,51.155,-114.082,G17_08,staged
2025-02-04 04:55:00,1,51.047,-114.082,G11_08,staged
2025-02-04 04:55:00,2,51.101,-114.138,G14_06,staged
2025-02-04 04:55:00,3,51.083,-113.97,G13_12,staged
2025-02-04 04:55:00,4,50.975,-114.11,G07_07,staged
2025-02-04 04:55:00,5,50.957,-114.026,G06_10,staged
2025-02-04 04:55:00,6,51.155,-114.082,G17_08,staged
2025-02-04 05:00:00,1,51.047,-114.082,G11_08,staged
2025-02-04 05:00:00,2,51.101,-114.138,G14_06,staged
2025-02-04 05:00:00,3,51.083,-113.97,G13_12,staged
2025-02-04 05:00:00,4,50.975,-114.11,G07_07,staged
2025-02-04 05:00:00,5,50.957,-114.026,G06_10,staged
2025-02-04 05:00:00,6,51.155,-114.082,G17_08,staged
2025-02-04 05:05:00,1,51.047,-114.082,G11_08,staged
2025-02-04 05:05:00,2,51.101,-114.138,G14_06,staged
2025-02-04 05:05:00,3,51.083,-113.97,G13_12,staged
2025-02-04 05:05:00,4,50.975,-114.11,G07_07,staged
2025-02-04 05:05:00,5,50.957,-114.026,G06_10,staged
2025-02-04 05:05:00,6,51.155,-114.082,G17_08,staged
2025-02-04 05:10:00,1,51.047,-114.082,G11_08,staged
2025-02-04 05:10:00,2,51.101,-114.138,G14_06,staged
2025-02-04 05:10:00,3,51.083,-113.97,G13_12,staged
2025-02-04 05:10:00,4,50.975,-114.11,G07_07,staged
2025-02-04 05:10:00,5,50.957,-114.026,G06_10,staged
2025-02-04 05:10:00,6,51.155,-114.082,G17_08,staged
2025-02-04 05:15:00,1,51.047,-114.082,G11_08,staged
2025-02-04 05:15:00,2,51.101,-114.138,G14_06,staged
2025-02-04 05:15:00,3,51.083,-113.97,G13_12,staged
2025-02-04 05:15:00,4,50.975,-114.11,G07_07,staged
2025-02-04 05:15:00,5,50.957,-114.026,G06_10,staged
2025-02-04 05:15:00,6,51.155,-114.082,G17_08,staged
2025-02-04 05:20:00,1,51.047,-114.082,G11_08,staged
2025-02-04 05:20:00,2,51.101,-114.138,G14_06,staged
2025-02-04 05:20:00,3,51.083,-113.97,G13_12,staged
2025-02-04 05:20:00,4,50.975,-114.11,G07_07,staged
2025-02-04 05:20:00,5,50.957,-114.026,G06_10,staged
2025-02-04 05:20:00,6,51.155,-114.082,G17_08,staged
2025-02-04 05:25:00,1,51.047,-114.082,G11_08,staged
2025-02-04 05:25:00,2,51.101,-114.138,G14_06,staged
2025-02-04 05:25:00,3,51.083,-113.97,G13_12,staged
2025-02-04 05:25:00,4,50.975,-114.11,G07_07,staged
2025-02-04 05:25:00,5,50.957,-114.026,G06_10,staged
2025-02-04 05:25:00,6,51.155,-114.082,G17_08,staged
2025-02-04 05:30:00,1,51.047,-114.082,G11_08,staged
2025-02-04 05:30:00,2,51.101,-114.138,G14_06,staged
2025-02-04 05:30:00,3,51.083,-113.97,G13_12,staged
2025-02-04 05:30:00,4,50.975,-114.11,G07_07,staged
2025-02-04 05:30:00,5,50.957,-114.026,G06_10,staged
2025-02-04 05:30:00,6,51.155,-114.082,G17_08,staged
2025-02-04 05:35:00,1,51.047,-114.082,G11_08,staged
2025-02-04 05:35:00,2,51.101,-114.138,G14_06,staged
2025-02-04 05:35:00,3,51.083,-113.97,G13_12,staged
2025-02-04 05:35:00,4,50.975,-114.11,G07_07,staged
2025-02-04 05:35:00,5,50.957,-114.026,G06_10,staged
2025-02-04 05:35:00,6,51.155,-114.082,G17_08,staged
2025-02-04 05:40:00,1,51.047,-114.082,G11_08,staged
2025-02-04 05:40:00,2,51.101,-114.138,G14_06,staged
2025-02-04 05:40:00,3,51.083,-113.97,G13_12,staged
2025-02-04 05:40:00,4,50.975,-114.11,G07_07,staged
2025-02-04 05:40:00,5,50.957,-114.026,G06_10,staged
2025-02-04 05:40:00,6,51.155,-114.082,G17_08,staged
2025-02-04 05:45:00,1,51.047,-114.082,G11_08,staged
2025-02-04 05:45:00,2,51.101,-114.138,G14_06,staged
2025-02-04 05:45:00,3,51.083,-113.97,G13_12,staged
2025-02-04 05:45:00,4,50.975,-114.11,G07_07,staged
2025-02-04 05:45:00,5,50.957,-114.026,G06_10,staged
2025-02-04 05:45:00,6,51.155,-114.082,G17_08,staged
2025-02-04 05:50:00,1,51.047,-114.082,G11_08,staged
2025-02-04 05:50:00,2,51.101,-114.138,G14_06,staged
2025-02-04 05:50:00,3,51.083,-113.97,G13_12,staged
2025-02-04 05:50:00,4,50.975,-114.11,G07_07,staged
2025-02-04 05:50:00,5,50.957,-114.026,G06_10,staged
2025-02-04 05:50:00,6,51.155,-114.082,G17_08,staged
2025-02-04 05:55:00,1,51.047,-114.082,G11_08,staged
2025-02-04 05:55:00,2,51.101,-114.138,G14_06,staged
2025-02-04 05:55:00,3,51.083,-113.97,G13_12,staged
2025-02-04 05:55:00,4,50.975,-114.11,G07_07,staged
2025-02-04 05:55:00,5,50.957,-114.026,G06_10,staged
2025-02-04 05:55:00,6,51.155,-114.082,G17_08,staged
2025-02-04 06:00:00,1,51.047,-114.082,G11_08,staged
2025-02-04 06:00:00,2,51.101,-114.138,G14_06,staged
2025-02-04 06:00:00,3,51.083,-113.97,G13_12,staged
2025-02-04 06:00:00,4,50.975,-114.11,G07_07,staged
2025-02-04 06:00:00,5,50.957,-114.026,G06_10,staged
2025-02-04 06:00:00,6,51.155,-114.082,G17_08,staged
2025-02-04 06:05:00,1,51.047,-114.082,G11_08,staged
2025-02-04 06:05:00,2,51.101,-114.138,G14_06,staged
2025-02-04 06:05:00,3,51.083,-113.97,G13_12,staged
2025-02-04 06:05:00,4,50.975,-114.11,G07_07,staged
2025-02-04 06:05:00,5,50.957,-114.026,G06_10,staged
2025-02-04 06:05:00,6,51.155,-114.082,G17_08,staged
2025-02-04 06:10:00,1,51.047,-114.082,G11_08,staged
2025-02-04 06:10:00,2,51.101,-114.138,G14_06,staged
2025-02-04 06:10:00,3,51.083,-113.97,G13_12,staged
2025-02-04 06:10:00,4,50.975,-114.11,G07_07,staged
2025-02-04 06:10:00,5,50.957,-114.026,G06_10,staged
2025-02-04 06:10:00,6,51.155,-114.082,G17_08,staged
2025-02-04 06:15:00,1,51.047,-114.082,G11_08,staged
2025-02-04 06:15:00,2,51.101,-114.138,G14_06,staged
2025-02-04 06:15:00,3,51.083,-113.97,G13_12,staged
2025-02-04 06:15:00,4,50.975,-114.11,G07_07,staged
2025-02-04 06:15:00,5,50.957,-114.026,G06_10,staged
2025-02-04 06:15:00,6,51.155,-114.082,G17_08,staged
2025-02-04 06:20:00,1,51.047,-114.082,G11_08,staged
2025-02-04 06:20:00,2,51.101,-114.138,G14_06,staged
2025-02-04 06:20:00,3,51.083,-113.97,G13_12,staged
2025-02-04 06:20:00,4,50.975,-114.11,G07_07,staged
2025-02-04 06:20:00,5,50.957,-114.026,G06_10,staged
2025-02-04 06:20:00,6,51.155,-114.082,G17_08,staged
2025-02-04 06:25:00,1,51.047,-114.082,G11_08,staged
2025-02-04 06:25:00,2,51.101,-114.138,G14_06,staged
2025-02-04 06:25:00,3,51.083,-113.97,G13_12,staged
2025-02-04 06:25:00,4,50.975,-114.11,G07_07,staged
2025-02-04 06:25:00,5,50.957,-114.026,G06_10,staged
2025-02-04 06:25:00,6,51.155,-114.082,G17_08,staged
2025-02-04 06:30:00,1,51.047,-114.082,G11_08,staged
2025-02-04 06:30:00,2,51.101,-114.138,G14_06,staged
2025-02-04 06:30:00,3,51.083,-113.97,G13_12,staged
2025-02-04 06:30:00,4,50.975,-114.11,G07_07,staged
2025-02-04 06:30:00,5,50.957,-114.026,G06_10,staged
2025-02-04 06:30:00,6,51.155,-114.082,G17_08,staged
2025-02-04 06:35:00,1,51.047,-114.082,G11_08,staged
2025-02-04 06:35:00,2,51.101,-114.138,G14_06,staged
2025-02-04 06:35:00,3,51.083,-113.97,G13_12,staged
2025-02-04 06:35:00,4,50.975,-114.11,G07_07,staged
2025-02-04 06:35:00,5,50.96219,-114.00134,G06_11,responding
2025-02-04 06:35:00,6,51.155,-114.082,G17_08,staged
2025-02-04 06:40:00,1,51.0481,-114.0764,G11_08,responding
2025-02-04 06:40:00,2,51.101,-114.138,G14_06,staged
2025-02-04 06:40:00,3,51.08126,-113.97517,G13_12,responding
2025-02-04 06:40:00,4,50.975,-114.11,G07_07,staged
2025-02-04 06:40:00,5,50.96949,-113.96661,G07_12,responding
2025-02-04 06:40:00,6,51.155,-114.082,G17_08,staged
2025-02-04 06:45:00,1,51.05496,-114.04137,G11_09,responding
2025-02-04 06:45:00,2,51.09525,-114.13725,G14_06,responding
2025-02-04 06:45:00,3,51.07036,-114.00752,G12_11,responding
2025-02-04 06:45:00,4,50.975,-114.11,G07_07,staged
2025-02-04 06:45:00,5,50.97607,-113.93533,G07_13,on_scene
2025-02-04 06:45:00,6,51.155,-114.082,G17_08,staged
2025-02-04 06:50:00,1,51.0586,-114.0228,G12_10,on_scene
2025-02-04 06:50:00,2,51.09034,-114.13661,G13_06,on_scene
2025-02-04 06:50:00,3,51.06401,-114.02636,G12_10,on_scene
2025-02-04 06:50:00,4,50.975,-114.11,G07_07,staged
2025-02-04 06:50:00,5,50.97607,-113.93533,G07_13,on_scene
2025-02-04 06:50:00,6,51.155,-114.082,G17_08,staged
2025-02-04 06:55:00,1,51.0586,-114.0228,G12_10,on_scene
2025-02-04 06:55:00,2,51.09034,-114.13661,G13_06,on_scene
2025-02-04 06:55:00,3,51.06401,-114.02636,G12_10,on_scene
2025-02-04 06:55:00,4,50.975,-114.11,G07_07,staged
2025-02-04 06:55:00,5,50.97607,-113.93533,G07_13,on_scene
2025-02-04 06:55:00,6,51.15162,-114.07382,G17_08,responding
2025-02-04 07:00:00,1,51.0586,-114.0228,G12_10,on_scene
2025-02-04 07:00:00,2,51.09034,-114.13661,G13_06,on_scene
2025-02-04 07:00:00,3,51.06401,-114.02636,G12_10,on_scene
2025-02-04 07:00:00,4,50.975,-114.11,G07_07,staged
2025-02-04 07:00:00,5,50.97607,-113.93533,G07_13,on_scene
2025-02-04 07:00:00,6,51.13894,-114.04313,G16_09,responding
2025-02-04 07:05:00,1,51.0586,-114.0228,G12_10,on_scene
2025-02-04 07:05:00,2,51.09034,-114.13661,G13_06,on_scene
2025-02-04 07:05:00,3,51.06401,-114.02636,G12_10,on_scene
2025-02-04 07:05:00,4,50.95717,-114.12037,G06_07,responding
2025-02-04 07:05:00,5,50.97607,-113.93533,G07_13,on_scene
2025-02-04 07:05:00,6,51.12626,-114.01244,G15_10,responding
2025-02-04 07:10:00,1,51.0586,-114.0228,G12_10,on_scene
2025-02-04 07:10:00,2,51.09034,-114.13661,G13_06,on_scene
2025-02-04 07:10:00,3,51.06401,-114.02636,G12_10,on_scene
2025-02-04 07:10:00,4,50.93552,-114.13297,G05_06,responding
2025-02-04 07:10:00,5,50.97607,-113.93533,G07_13,on_scene
2025-02-04 07:10:00,6,51.11358,-113.98176,G15_12,responding
2025-02-04 07:15:00,1,51.0586,-114.0228,G12_10,on_scene
2025-02-04 07:15:00,2,51.09034,-114.13661,G13_06,on_scene
2025-02-04 07:15:00,3,51.06401,-114.02636,G12_10,on_scene
2025-02-04 07:15:00,4,50.92563,-114.13873,G04_06,on_scene
2025-02-04 07:15:00,5,50.97534,-113.93879,G07_13,returning
2025-02-04 07:15:00,6,51.1009,-113.95107,G14_13,responding
2025-02-04 07:20:00,1,51.05538,-114.03924,G11_10,returning
2025-02-04 07:20:00,2,51.101,-114.138,G14_06,staged
2025-02-04 07:20:00,3,51.06856,-114.01286,G12_10,returning
2025-02-04 07:20:00,4,50.92563,-114.13873,G04_06,on_scene
2025-02-04 07:20:00,5,50.96804,-113.97352,G07_12,returning
2025-02-04 07:20:00,6,51.08822,-113.92039,G13_14,responding
2025-02-04 07:25:00,1,51.04852,-114.07426,G11_08,returning
2025-02-04 07:25:00,2,51.101,-114.138,G14_06,staged
2025-02-04 07:25:00,3,51.07946,-113.98052,G13_12,returning
2025-02-04 07:25:00,4,50.92563,-114.13873,G04_06,on_scene
2025-02-04 07:25:00,5,50.96073,-114.00825,G06_11,returning
2025-02-04 07:25:00,6,51.08796,-113.91976,G13_14,on_scene
2025-02-04 07:30:00,1,51.047,-114.082,G11_08,staged
2025-02-04 07:30:00,2,51.101,-114.138,G14_06,staged
2025-02-04 07:30:00,3,51.083,-113.97,G13_12,staged
2025-02-04 07:30:00,4,50.92563,-114.13873,G04_06,on_scene
2025-02-04 07:30:00,5,50.95918,-114.02418,G06_10,responding
2025-02-04 07:30:00,6,51.08796,-113.91976,G13_14,on_scene
2025-02-04 07:35:00,1,51.047,-114.082,G11_08,staged
2025-02-04 07:35:00,2,51.101,-114.138,G14_06,staged
2025-02-04 07:35:00,3,51.083,-113.97,G13_12,staged
2025-02-04 07:35:00,4,50.92563,-114.13873,G04_06,on_scene
2025-02-04 07:35:00,5,50.9796,-114.00716,G07_11,responding
2025-02-04 07:35:00,6,51.08796,-113.91976,G13_14,on_scene
2025-02-04 07:40:00,1,51.047,-114.082,G11_08,staged
2025-02-04 07:40:00,2,51.101,-114.138,G14_06,staged
2025-02-04 07:40:00,3,51.083,-113.97,G13_12,staged
2025-02-04 07:40:00,4,50.92563,-114.13873,G04_06,on_scene
2025-02-04 07:40:00,5,51.00001,-113.99014,G08_11,responding
2025-02-04 07:40:00,6,51.08796,-113.91976,G13_14,on_scene
2025-02-04 07:45:00,1,51.047,-114.082,G11_08,staged
2025-02-04 07:45:00,2,51.101,-114.138,G14_06,staged
2025-02-04 07:45:00,3,51.083,-113.97,G13_12,staged
2025-02-04 07:45:00,4,50.93739,-114.13189,G05_06,returning
2025-02-04 07:45:00,5,51.01541,-113.9773,G09_12,on_scene
2025-02-04 07:45:00,6,51.08796,-113.91976,G13_14,on_scene
2025-02-04 07:50:00,1,51.047,-114.082,G11_08,staged
2025-02-04 07:50:00,2,51.101,-114.138,G14_06,staged
2025-02-04 07:50:00,3,51.083,-113.97,G13_12,responding
2025-02-04 07:50:00,4,50.95904,-114.11929,G06_07,returning
2025-02-04 07:50:00,5,51.01541,-113.9773,G09_12,on_scene
2025-02-04 07:50:00,6,51.08796,-113.91976,G13_14,on_scene
2025-02-04 07:55:00,1,51.047,-114.082,G11_08,staged
2025-02-04 07:55:00,2,51.101,-114.138,G14_06,staged
2025-02-04 07:55:00,3,51.07372,-114.0036,G12_11,responding
2025-02-04 07:55:00,4,50.975,-114.11,G07_07,staged
2025-02-04 07:55:00,5,51.01541,-113.9773,G09_12,on_scene
2025-02-04 07:55:00,6,51.10039,-113.94982,G14_13,returning
2025-02-04 08:00:00,1,51.047,-114.082,G11_08,staged
2025-02-04 08:00:00,2,51.101,-114.138,G14_06,staged
2025-02-04 08:00:00,3,51.06763,-114.02566,G12_10,on_scene
2025-02-04 08:00:00,4,50.975,-114.11,G07_07,staged
2025-02-04 08:00:00,5,51.01541,-113.9773,G09_12,on_scene
2025-02-04 08:00:00,6,51.11307,-113.98051,G15_12,returning
2025-02-04 08:05:00,1,51.047,-114.082,G11_08,staged
2025-02-04 08:05:00,2,51.1047,-114.14316,G14_06,responding
2025-02-04 08:05:00,3,51.06763,-114.02566,G12_10,on_scene
2025-02-04 08:05:00,4,50.975,-114.11,G07_07,staged
2025-02-04 08:05:00,5,51.01541,-113.9773,G09_12,on_scene
2025-02-04 08:05:00,6,51.12574,-114.0112,G15_10,returning
2025-02-04 08:10:00,1,51.047,-114.082,G11_08,staged
2025-02-04 08:10:00,2,51.12207,-114.16733,G15_05,responding
2025-02-04 08:10:00,3,51.06763,-114.02566,G12_10,on_scene
2025-02-04 08:10:00,4,50.975,-114.11,G07_07,staged
2025-02-04 08:10:00,5,51.01541,-113.9773,G09_12,on_scene
2025-02-04 08:10:00,6,51.13842,-114.04188,G16_09,returning
2025-02-04 08:15:00,1,51.047,-114.082,G11_08,staged
2025-02-04 08:15:00,2,51.13944,-114.1915,G16_04,responding
2025-02-04 08:15:00,3,51.06763,-114.02566,G12_10,on_scene
2025-02-04 08:15:00,4,50.975,-114.11,G07_07,staged
2025-02-04 08:15:00,5,51.01038,-113.98149,G09_12,returning
2025-02-04 08:15:00,6,51.1511,-114.07257,G17_08,returning
2025-02-04 08:20:00,1,51.06176,-114.08213,G12_08,responding
2025-02-04 08:20:00,2,51.15211,-114.20913,G17_03,on_scene
2025-02-04 08:20:00,3,51.06763,-114.02566,G12_10,on_scene
2025-02-04 08:20:00,4,50.975,-114.11,G07_07,staged
2025-02-04 08:20:00,5,51.03228,-113.98194,G10_12,responding
2025-02-04 08:20:00,6,51.14474,-114.08061,G16_08,responding
2025-02-04 08:25:00,1,51.08482,-114.08235,G13_08,responding
2025-02-04 08:25:00,2,51.15211,-114.20913,G17_03,on_scene
2025-02-04 08:25:00,3,51.06763,-114.02566,G12_10,on_scene
2025-02-04 08:25:00,4,50.975,-114.11,G07_07,staged
2025-02-04 08:25:00,5,51.05534,-113.98194,G11_12,responding
2025-02-04 08:25:00,6,51.12176,-114.07751,G15_08,responding
2025-02-04 08:30:00,1,51.09143,-114.08241,G13_08,on_scene
2025-02-04 08:30:00,2,51.15211,-114.20913,G17_03,on_scene
2025-02-04 08:30:00,3,51.07107,-114.03701,G12_10,responding
2025-02-04 08:30:00,4,50.975,-114.11,G07_07,staged
2025-02-04 08:30:00,5,51.07165,-113.98194,G12_12,on_scene
2025-02-04 08:30:00,6,51.09878,-114.0744,G14_08,responding
2025-02-04 08:35:00,1,51.09143,-114.08241,G13_08,on_scene
2025-02-04 08:35:00,2,51.15211,-114.20913,G17_03,on_scene
2025-02-04 08:35:00,3,51.08108,-114.07007,G13_08,responding
2025-02-04 08:35:00,4,50.975,-114.11,G07_07,staged
2025-02-04 08:35:00,5,51.07165,-113.98194,G12_12,on_scene
2025-02-04 08:35:00,6,51.08751,-114.07288,G13_08,on_scene
2025-02-04 08:40:00,1,51.09143,-114.08241,G13_08,on_scene
2025-02-04 08:40:00,2,51.15211,-114.20913,G17_03,on_scene
2025-02-04 08:40:00,3,51.0911,-114.10314,G13_07,responding
2025-02-04 08:40:00,4,50.9865,-114.07995,G08_08,responding
2025-02-04 08:40:00,5,51.07165,-113.98194,G12_12,on_scene
2025-02-04 08:40:00,6,51.08751,-114.07288,G13_08,on_scene
2025-02-04 08:45:00,1,51.09143,-114.08241,G13_08,on_scene
2025-02-04 08:45:00,2,51.15211,-114.20913,G17_03,on_scene
2025-02-04 08:45:00,3,51.09216,-114.10665,G14_07,on_scene
2025-02-04 08:45:00,4,50.99849,-114.04865,G08_09,responding
2025-02-04 08:45:00,5,51.07165,-113.98194,G12_12,on_scene
2025-02-04 08:45:00,6,51.08751,-114.07288,G13_08,on_scene
2025-02-04 08:50:00,1,51.09143,-114.08241,G13_08,on_scene
2025-02-04 08:50:00,2,51.15014,-114.21289,G17_03,on_scene
2025-02-04 08:50:00,3,51.09216,-114.10665,G14_07,on_scene
2025-02-04 08:50:00,4,51.0067,-114.0272,G09_10,on_scene
2025-02-04 08:50:00,5,51.07165,-113.98194,G12_12,on_scene
2025-02-04 08:50:00,6,51.08751,-114.07288,G13_08,on_scene
2025-02-04 08:55:00,1,51.09143,-114.08241,G13_08,on_scene
2025-02-04 08:55:00,2,51.15014,-114.21289,G17_03,on_scene
2025-02-04 08:55:00,3,51.09216,-114.10665,G14_07,on_scene
2025-02-04 08:55:00,4,51.0067,-114.0272,G09_10,on_scene
2025-02-04 08:55:00,5,51.07165,-113.98194,G12_12,on_scene
2025-02-04 08:55:00,6,51.08751,-114.07288,G13_08,on_scene
2025-02-04 09:00:00,1,51.10589,-114.06993,G14_08,responding
2025-02-04 09:00:00,2,51.15014,-114.21289,G17_03,on_scene
2025-02-04 09:00:00,3,51.09216,-114.10665,G14_07,on_scene
2025-02-04 09:00:00,4,51.0067,-114.0272,G09_10,on_scene
2025-02-04 09:00:00,5,51.07049,-113.97135,G12_12,responding
2025-02-04 09:00:00,6,51.08751,-114.07288,G13_08,on_scene
2025-02-04 09:05:00,1,51.12617,-114.05245,G15_09,responding
2025-02-04 09:05:00,2,51.15014,-114.21289,G17_03,on_scene
2025-02-04 09:05:00,3,51.09216,-114.10665,G14_07,on_scene
2025-02-04 09:05:00,4,51.0067,-114.0272,G09_10,on_scene
2025-02-04 09:05:00,5,51.06709,-113.94043,G12_13,on_scene
2025-02-04 09:05:00,6,51.09126,-114.05515,G13_09,responding
2025-02-04 09:10:00,1,51.14645,-114.03496,G17_10,responding
2025-02-04 09:10:00,2,51.15014,-114.21289,G17_03,on_scene
2025-02-04 09:10:00,3,51.09216,-114.10665,G14_07,on_scene
2025-02-04 09:10:00,4,51.0067,-114.0272,G09_10,on_scene
2025-02-04 09:10:00,5,51.06709,-113.94043,G12_13,on_scene
2025-02-04 09:10:00,6,51.09863,-114.02035,G14_10,responding
2025-02-04 09:15:00,1,51.15461,-114.02793,G17_10,on_scene
2025-02-04 09:15:00,2,51.15014,-114.21289,G17_03,on_scene
2025-02-04 09:15:00,3,51.09015,-114.074,G13_08,responding
2025-02-04 09:15:00,4,51.0067,-114.0272,G09_10,on_scene
2025-02-04 09:15:00,5,51.06709,-113.94043,G12_13,on_scene
2025-02-04 09:15:00,6,51.106,-113.98556,G14_11,responding
2025-02-04 09:20:00,1,51.15461,-114.02793,G17_10,on_scene
2025-02-04 09:20:00,2,51.14785,-114.20941,G17_03,returning
2025-02-04 09:20:00,3,51.08789,-114.03746,G13_10,responding
2025-02-04 09:20:00,4,50.99962,-114.02968,G08_10,responding
2025-02-04 09:20:00,5,51.06709,-113.94043,G12_13,on_scene
2025-02-04 09:20:00,6,51.11336,-113.95076,G15_13,responding
2025-02-04 09:25:00,1,51.15461,-114.02793,G17_10,on_scene
2025-02-04 09:25:00,2,51.13119,-114.18401,G16_04,returning
2025-02-04 09:25:00,3,51.08563,-114.00093,G13_11,responding
2025-02-04 09:25:00,4,50.9771,-114.03758,G07_10,responding
2025-02-04 09:25:00,5,51.06709,-113.94043,G12_13,on_scene
2025-02-04 09:25:00,6,51.11419,-113.94685,G15_13,on_scene
2025-02-04 09:30:00,1,51.15461,-114.02793,G17_10,on_scene
2025-02-04 09:30:00,2,51.11453,-114.15861,G15_05,returning
2025-02-04 09:30:00,3,51.08337,-113.9644,G13_12,responding
2025-02-04 09:30:00,4,50.95459,-114.04547,G06_09,responding
2025-02-04 09:30:00,5,51.06709,-113.94043,G12_13,on_scene
2025-02-04 09:30:00,6,51.11419,-113.94685,G15_13,on_scene
2025-02-04 09:35:00,1,51.15461,-114.02793,G17_10,on_scene
2025-02-04 09:35:00,2,51.10123,-114.13801,G14_06,responding
2025-02-04 09:35:00,3,51.08158,-113.93556,G13_13,on_scene
2025-02-04 09:35:00,4,50.93207,-114.05337,G05_09,responding
2025-02-04 09:35:00,5,51.0704,-113.9397,G12_13,responding
2025-02-04 09:35:00,6,51.11419,-113.94685,G15_13,on_scene
2025-02-04 09:40:00,1,51.15461,-114.02793,G17_10,on_scene
2025-02-04 09:40:00,2,51.12429,-114.13867,G15_06,responding
2025-02-04 09:40:00,3,51.08158,-113.93556,G13_13,on_scene
2025-02-04 09:40:00,4,50.90955,-114.06127,G03_09,responding
2025-02-04 09:40:00,5,51.09324,-113.93466,G14_13,responding
2025-02-04 09:40:00,6,51.11419,-113.94685,G15_13,on_scene
2025-02-04 09:45:00,1,51.15391,-114.00655,G17_11,on_scene
2025-02-04 09:45:00,2,51.14734,-114.13934,G17_06,responding
2025-02-04 09:45:00,3,51.08158,-113.93556,G13_13,on_scene
2025-02-04 09:45:00,4,50.90493,-114.06289,G03_09,on_scene
2025-02-04 09:45:00,5,51.11608,-113.92961,G15_13,responding
2025-02-04 09:45:00,6,51.11419,-113.94685,G15_13,on_scene
2025-02-04 09:50:00,1,51.15391,-114.00655,G17_11,on_scene
2025-02-04 09:50:00,2,51.15043,-114.13943,G17_06,on_scene
2025-02-04 09:50:00,3,51.08158,-113.93556,G13_13,on_scene
2025-02-04 09:50:00,4,50.90493,-114.06289,G03_09,on_scene
2025-02-04 09:50:00,5,51.13892,-113.92457,G16_14,responding
2025-02-04 09:50:00,6,51.11419,-113.94685,G15_13,on_scene
2025-02-04 09:55:00,1,51.15391,-114.00655,G17_11,on_scene
2025-02-04 09:55:00,2,51.15043,-114.13943,G17_06,on_scene
2025-02-04 09:55:00,3,51.08158,-113.93556,G13_13,on_scene
2025-02-04 09:55:00,4,50.90493,-114.06289,G03_09,on_scene
2025-02-04 09:55:00,5,51.15441,-113.92115,G17_14,on_scene
2025-02-04 09:55:00,6,51.12307,-113.97624,G15_12,returning
2025-02-04 10:00:00,1,51.15391,-114.00655,G17_11,on_scene
2025-02-04 10:00:00,2,51.15043,-114.13943,G17_06,on_scene
2025-02-04 10:00:00,3,51.08158,-113.93556,G13_13,on_scene
2025-02-04 10:00:00,4,50.90493,-114.06289,G03_09,on_scene
2025-02-04 10:00:00,5,51.15441,-113.92115,G17_14,on_scene
2025-02-04 10:00:00,6,51.13307,-114.00936,G16_11,returning
2025-02-04 10:05:00,1,51.15391,-114.00655,G17_11,on_scene
2025-02-04 10:05:00,2,51.15043,-114.13943,G17_06,on_scene
2025-02-04 10:05:00,3,51.0819,-113.94327,G13_13,returning
2025-02-04 10:05:00,4,50.90493,-114.06289,G03_09,on_scene
2025-02-04 10:05:00,5,51.15441,-113.92115,G17_14,on_scene
2025-02-04 10:05:00,6,51.14306,-114.04247,G16_09,returning
2025-02-04 10:10:00,1,51.15391,-114.00655,G17_11,on_scene
2025-02-04 10:10:00,2,51.15043,-114.13943,G17_06,on_scene
2025-02-04 10:10:00,3,51.083,-113.97,G13_12,staged
2025-02-04 10:10:00,4,50.90493,-114.06289,G03_09,on_scene
2025-02-04 10:10:00,5,51.15441,-113.92115,G17_14,on_scene
2025-02-04 10:10:00,6,51.13215,-114.06858,G16_08,responding
2025-02-04 10:15:00,1,51.15355,-114.00662,G17_11,responding
2025-02-04 10:15:00,2,51.15043,-114.13943,G17_06,on_scene
2025-02-04 10:15:00,3,51.06941,-113.99608,G12_11,responding
2025-02-04 10:15:00,4,50.9218,-114.07423,G04_08,returning
2025-02-04 10:15:00,5,51.15441,-113.92115,G17_14,on_scene
2025-02-04 10:15:00,6,51.11463,-114.09247,G15_08,responding
2025-02-04 10:20:00,1,51.13062,-114.01054,G16_11,responding
2025-02-04 10:20:00,2,51.13067,-114.13637,G16_06,responding
2025-02-04 10:20:00,3,51.05469,-114.02432,G11_10,responding
2025-02-04 10:20:00,4,50.94304,-114.08851,G05_08,returning
2025-02-04 10:20:00,5,51.15441,-113.92115,G17_14,on_scene
2025-02-04 10:20:00,6,51.09711,-114.11636,G14_07,responding
2025-02-04 10:25:00,1,51.1077,-114.01447,G14_10,responding
2025-02-04 10:25:00,2,51.10838,-114.12694,G14_06,responding
2025-02-04 10:25:00,3,51.04814,-114.03688,G11_10,on_scene
2025-02-04 10:25:00,4,50.96427,-114.10279,G06_07,returning
2025-02-04 10:25:00,5,51.14737,-113.92489,G17_14,returning
2025-02-04 10:25:00,6,51.09684,-114.11673,G14_07,on_scene
2025-02-04 10:30:00,1,51.08477,-114.0184,G13_10,responding
2025-02-04 10:30:00,2,51.10121,-114.12391,G14_07,on_scene
2025-02-04 10:30:00,3,51.04814,-114.03688,G11_10,on_scene
2025-02-04 10:30:00,4,50.97524,-114.1091,G07_07,responding
2025-02-04 10:30:00,5,51.12549,-113.93651,G15_13,returning
2025-02-04 10:30:00,6,51.09684,-114.11673,G14_07,on_scene
2025-02-04 10:35:00,1,51.06184,-114.02233,G12_10,responding
2025-02-04 10:35:00,2,51.10121,-114.12391,G14_07,on_scene
2025-02-04 10:35:00,3,51.04814,-114.03688,G11_10,on_scene
2025-02-04 10:35:00,4,50.98443,-114.0755,G08_08,responding
2025-02-04 10:35:00,5,51.10362,-113.94812,G14_13,returning
2025-02-04 10:35:00,6,51.09684,-114.11673,G14_07,on_scene
2025-02-04 10:40:00,1,51.0582,-114.02295,G12_10,on_scene
2025-02-04 10:40:00,2,51.10121,-114.12391,G14_07,on_scene
2025-02-04 10:40:00,3,51.04814,-114.03688,G11_10,on_scene
2025-02-04 10:40:00,4,50.99361,-114.04191,G08_09,responding
2025-02-04 10:40:00,5,51.08175,-113.95974,G13_12,returning
2025-02-04 10:40:00,6,51.09684,-114.11673,G14_07,on_scene
2025-02-04 10:45:00,1,51.0582,-114.02295,G12_10,on_scene
2025-02-04 10:45:00,2,51.10121,-114.12391,G14_07,on_scene
2025-02-04 10:45:00,3,51.04814,-114.03688,G11_10,on_scene
2025-02-04 10:45:00,4,50.99422,-114.03967,G08_10,on_scene
2025-02-04 10:45:00,5,51.05988,-113.97136,G12_12,returning
2025-02-04 10:45:00,6,51.09684,-114.11673,G14_07,on_scene
2025-02-04 10:50:00,1,51.0582,-114.02295,G12_10,on_scene
2025-02-04 10:50:00,2,51.10121,-114.12391,G14_07,on_scene
2025-02-04 10:50:00,3,51.04814,-114.03688,G11_10,on_scene
2025-02-04 10:50:00,4,50.99422,-114.03967,G08_10,on_scene
2025-02-04 10:50:00,5,51.038,-113.98298,G11_12,returning
2025-02-04 10:50:00,6,51.09684,-114.11673,G14_07,on_scene
2025-02-04 10:55:00,1,51.0582,-114.02295,G12_10,on_scene
2025-02-04 10:55:00,2,51.10121,-114.12391,G14_07,on_scene
2025-02-04 10:55:00,3,51.05632,-114.0212,G12_10,returning
2025-02-04 10:55:00,4,50.99422,-114.03967,G08_10,on_scene
2025-02-04 10:55:00,5,51.01613,-113.99459,G09_11,returning
2025-02-04 10:55:00,6,51.11751,-114.10181,G15_08,responding
2025-02-04 11:00:00,1,51.0582,-114.02295,G12_10,on_scene
2025-02-04 11:00:00,2,51.10215,-114.14876,G14_06,responding
2025-02-04 11:00:00,3,51.05445,-114.04628,G11_09,responding
2025-02-04 11:00:00,4,50.99422,-114.03967,G08_10,on_scene
2025-02-04 11:00:00,5,51.002,-114.00518,G08_11,responding
2025-02-04 11:00:00,6,51.13851,-114.08665,G16_08,responding
2025-02-04 11:05:00,1,51.0582,-114.02295,G12_10,on_scene
2025-02-04 11:05:00,2,51.10354,-114.18542,G14_05,responding
2025-02-04 11:05:00,3,51.04927,-114.08202,G11_08,responding
2025-02-04 11:05:00,4,50.99422,-114.03967,G08_10,on_scene
2025-02-04 11:05:00,5,51.02478,-114.01087,G10_11,responding
2025-02-04 11:05:00,6,51.15952,-114.07149,G17_08,responding
2025-02-04 11:10:00,1,51.07524,-114.0377,G13_10,responding
2025-02-04 11:10:00,2,51.10474,-114.21711,G14_03,on_scene
2025-02-04 11:10:00,3,51.04408,-114.11776,G11_07,responding
2025-02-04 11:10:00,4,50.99422,-114.03967,G08_10,on_scene
2025-02-04 11:10:00,5,51.04756,-114.01655,G11_10,responding
2025-02-04 11:10:00,6,51.16021,-114.07099,G17_08,on_scene
2025-02-04 11:15:00,1,51.09551,-114.05524,G14_09,responding
2025-02-04 11:15:00,2,51.10474,-114.21711,G14_03,on_scene
2025-02-04 11:15:00,3,51.04151,-114.13547,G11_06,on_scene
2025-02-04 11:15:00,4,50.98466,-114.00904,G08_11,responding
2025-02-04 11:15:00,5,51.04915,-114.01695,G11_10,on_scene
2025-02-04 11:15:00,6,51.16021,-114.07099,G17_08,on_scene
2025-02-04 11:20:00,1,51.11577,-114.07277,G15_08,responding
2025-02-04 11:20:00,2,51.10474,-114.21711,G14_03,on_scene
2025-02-04 11:20:00,3,51.04151,-114.13547,G11_06,on_scene
2025-02-04 11:20:00,4,50.97441,-113.97623,G07_12,responding
2025-02-04 11:20:00,5,51.04915,-114.01695,G11_10,on_scene
2025-02-04 11:20:00,6,51.16021,-114.07099,G17_08,on_scene
2025-02-04 11:25:00,1,51.13603,-114.09031,G16_08,responding
2025-02-04 11:25:00,2,51.10474,-114.21711,G14_03,on_scene
2025-02-04 11:25:00,3,51.04151,-114.13547,G11_06,on_scene
2025-02-04 11:25:00,4,50.96879,-113.95822,G07_12,on_scene
2025-02-04 11:25:00,5,51.04915,-114.01695,G11_10,on_scene
2025-02-04 11:25:00,6,51.16021,-114.07099,G17_08,on_scene
2025-02-04 11:30:00,1,51.15629,-114.10785,G17_07,responding
2025-02-04 11:30:00,2,51.10474,-114.21711,G14_03,on_scene
2025-02-04 11:30:00,3,51.04151,-114.13547,G11_06,on_scene
2025-02-04 11:30:00,4,50.96879,-113.95822,G07_12,on_scene
2025-02-04 11:30:00,5,51.04915,-114.01695,G11_10,on_scene
2025-02-04 11:30:00,6,51.16021,-114.07099,G17_08,on_scene
2025-02-04 11:35:00,1,51.16803,-114.118,G18_07,on_scene
2025-02-04 11:35:00,2,51.10474,-114.21711,G14_03,on_scene
2025-02-04 11:35:00,3,51.04151,-114.13547,G11_06,on_scene
2025-02-04 11:35:00,4,50.96879,-113.95822,G07_12,on_scene
2025-02-04 11:35:00,5,51.04915,-114.01695,G11_10,on_scene
2025-02-04 11:35:00,6,51.16021,-114.07099,G17_08,on_scene
2025-02-04 11:40:00,1,51.16803,-114.118,G18_07,on_scene
2025-02-04 11:40:00,2,51.10201,-114.21469,G14_03,responding
2025-02-04 11:40:00,3,51.04151,-114.13547,G11_06,on_scene
2025-02-04 11:40:00,4,50.96879,-113.95822,G07_12,on_scene
2025-02-04 11:40:00,5,51.04915,-114.01695,G11_10,on_scene
2025-02-04 11:40:00,6,51.18249,-114.06967,G19_08,responding
2025-02-04 11:45:00,1,51.16803,-114.118,G18_07,on_scene
2025-02-04 11:45:00,2,51.08184,-114.19691,G13_04,responding
2025-02-04 11:45:00,3,51.0486,-114.12079,G11_07,responding
2025-02-04 11:45:00,4,50.96879,-113.95822,G07_12,on_scene
2025-02-04 11:45:00,5,51.02903,-114.02874,G10_10,responding
2025-02-04 11:45:00,6,51.18347,-114.06961,G19_08,on_scene
2025-02-04 11:50:00,1,51.16803,-114.118,G18_07,on_scene
2025-02-04 11:50:00,2,51.06167,-114.17913,G12_05,responding
2025-02-04 11:50:00,3,51.06114,-114.09477,G12_08,on_scene
2025-02-04 11:50:00,4,50.96879,-113.95822,G07_12,on_scene
2025-02-04 11:50:00,5,51.00739,-114.04141,G09_09,responding
2025-02-04 11:50:00,6,51.18347,-114.06961,G19_08,on_scene
2025-02-04 11:55:00,1,51.16803,-114.118,G18_07,on_scene
2025-02-04 11:55:00,2,51.0415,-114.16135,G11_05,responding
2025-02-04 11:55:00,3,51.06114,-114.09477,G12_08,on_scene
2025-02-04 11:55:00,4,50.96985,-113.97466,G07_12,responding
2025-02-04 11:55:00,5,50.98575,-114.05408,G08_09,responding
2025-02-04 11:55:00,6,51.18347,-114.06961,G19_08,on_scene
2025-02-04 12:00:00,1,51.16803,-114.118,G18_07,on_scene
2025-02-04 12:00:00,2,51.02132,-114.14357,G10_06,responding
2025-02-04 12:00:00,3,51.06114,-114.09477,G12_08,on_scene
2025-02-04 12:00:00,4,50.9722,-114.01108,G07_11,responding
2025-02-04 12:00:00,5,50.96412,-114.06675,G06_09,responding
2025-02-04 12:00:00,6,51.18347,-114.06961,G19_08,on_scene
2025-02-04 12:05:00,1,51.15849,-114.11517,G17_07,returning
2025-02-04 12:05:00,2,51.01351,-114.13668,G09_06,on_scene
2025-02-04 12:05:00,3,51.06114,-114.09477,G12_08,on_scene
2025-02-04 12:05:00,4,50.97455,-114.04751,G07_09,responding
2025-02-04 12:05:00,5,50.95553,-114.07178,G06_08,on_scene
2025-02-04 12:05:00,6,51.18347,-114.06961,G19_08,on_scene
2025-02-04 12:10:00,1,51.13582,-114.10842,G16_07,returning
2025-02-04 12:10:00,2,51.01351,-114.13668,G09_06,on_scene
2025-02-04 12:10:00,3,51.06114,-114.09477,G12_08,on_scene
2025-02-04 12:10:00,4,50.97591,-114.06856,G07_08,on_scene
2025-02-04 12:10:00,5,50.95553,-114.07178,G06_08,on_scene
2025-02-04 12:10:00,6,51.18347,-114.06961,G19_08,on_scene
2025-02-04 12:15:00,1,51.11315,-114.10168,G14_07,returning
2025-02-04 12:15:00,2,51.01351,-114.13668,G09_06,on_scene
2025-02-04 12:15:00,3,51.06114,-114.09477,G12_08,on_scene
2025-02-04 12:15:00,4,50.97591,-114.06856,G07_08,on_scene
2025-02-04 12:15:00,5,50.95553,-114.07178,G06_08,on_scene
2025-02-04 12:15:00,6,51.16216,-114.07888,G17_08,returning
2025-02-04 12:20:00,1,51.09048,-114.09494,G13_08,returning
2025-02-04 12:20:00,2,51.01351,-114.13668,G09_06,on_scene
2025-02-04 12:20:00,3,51.05883,-114.0935,G12_08,responding
2025-02-04 12:20:00,4,50.97591,-114.06856,G07_08,on_scene
2025-02-04 12:20:00,5,50.95553,-114.07178,G06_08,on_scene
2025-02-04 12:20:00,6,51.155,-114.082,G17_08,staged
2025-02-04 12:25:00,1,51.06782,-114.08819,G12_08,returning
2025-02-04 12:25:00,2,51.01351,-114.13668,G09_06,on_scene
2025-02-04 12:25:00,3,51.03704,-114.08153,G10_08,responding
2025-02-04 12:25:00,4,50.97591,-114.06856,G07_08,on_scene
2025-02-04 12:25:00,5,50.95553,-114.07178,G06_08,on_scene
2025-02-04 12:25:00,6,51.155,-114.082,G17_08,staged
2025-02-04 12:30:00,1,51.047,-114.082,G11_08,staged
2025-02-04 12:30:00,2,51.01351,-114.13668,G09_06,on_scene
2025-02-04 12:30:00,3,51.01524,-114.06956,G09_08,responding
2025-02-04 12:30:00,4,50.97591,-114.06856,G07_08,on_scene
2025-02-04 12:30:00,5,50.95553,-114.07178,G06_08,on_scene
2025-02-04 12:30:00,6,51.155,-114.082,G17_08,staged
2025-02-04 12:35:00,1,51.047,-114.082,G11_08,staged
2025-02-04 12:35:00,2,51.02764,-114.1369,G10_06,returning
2025-02-04 12:35:00,3,50.99774,-114.05995,G08_09,on_scene
2025-02-04 12:35:00,4,50.97591,-114.06856,G07_08,on_scene
2025-02-04 12:35:00,5,50.96168,-114.05199,G06_09,responding
2025-02-04 12:35:00,6,51.155,-114.082,G17_08,staged
2025-02-04 12:40:00,1,51.047,-114.082,G11_08,staged
2025-02-04 12:40:00,2,51.0507,-114.13724,G11_06,returning
2025-02-04 12:40:00,3,50.99774,-114.05995,G08_09,on_scene
2025-02-04 12:40:00,4,50.97557,-114.08401,G07_08,returning
2025-02-04 12:40:00,5,50.97189,-114.01916,G07_10,responding
2025-02-04 12:40:00,6,51.155,-114.082,G17_08,staged
2025-02-04 12:45:00,1,51.047,-114.082,G11_08,staged
2025-02-04 12:45:00,2,51.07376,-114.13759,G12_06,returning
2025-02-04 12:45:00,3,50.99774,-114.05995,G08_09,on_scene
2025-02-04 12:45:00,4,50.975,-114.11,G07_07,staged
2025-02-04 12:45:00,5,50.97291,-114.01586,G07_10,on_scene
2025-02-04 12:45:00,6,51.155,-114.082,G17_08,staged
2025-02-04 12:50:00,1,51.047,-114.082,G11_08,staged
2025-02-04 12:50:00,2,51.09681,-114.13794,G14_06,returning
2025-02-04 12:50:00,3,50.99774,-114.05995,G08_09,on_scene
2025-02-04 12:50:00,4,50.975,-114.11,G07_07,staged
2025-02-04 12:50:00,5,50.97291,-114.01586,G07_10,on_scene
2025-02-04 12:50:00,6,51.155,-114.082,G17_08,staged
2025-02-04 12:55:00,1,51.047,-114.082,G11_08,staged
2025-02-04 12:55:00,2,51.101,-114.138,G14_06,staged
2025-02-04 12:55:00,3,50.99774,-114.05995,G08_09,on_scene
2025-02-04 12:55:00,4,50.975,-114.11,G07_07,staged
2025-02-04 12:55:00,5,50.97291,-114.01586,G07_10,on_scene
2025-02-04 12:55:00,6,51.155,-114.082,G17_08,staged
2025-02-04 13:00:00,1,51.03536,-114.05307,G10_09,responding
2025-02-04 13:00:00,2,51.101,-114.138,G14_06,staged
2025-02-04 13:00:00,3,50.99774,-114.05995,G08_09,on_scene
2025-02-04 13:00:00,4,50.975,-114.11,G07_07,staged
2025-02-04 13:00:00,5,50.97291,-114.01586,G07_10,on_scene
2025-02-04 13:00:00,6,51.155,-114.082,G17_08,staged
2025-02-04 13:05:00,1,51.02293,-114.02219,G10_10,responding
2025-02-04 13:05:00,2,51.101,-114.138,G14_06,staged
2025-02-04 13:05:00,3,51.00152,-114.05596,G08_09,returning
2025-02-04 13:05:00,4,50.975,-114.11,G07_07,staged
2025-02-04 13:05:00,5,50.97291,-114.01586,G07_10,on_scene
2025-02-04 13:05:00,6,51.155,-114.082,G17_08,staged
2025-02-04 13:10:00,1,51.01525,-114.0031,G09_11,on_scene
2025-02-04 13:10:00,2,51.101,-114.138,G14_06,staged
2025-02-04 13:10:00,3,51.02073,-114.03569,G10_10,returning
2025-02-04 13:10:00,4,50.975,-114.11,G07_07,staged
2025-02-04 13:10:00,5,50.97291,-114.01586,G07_10,on_scene
2025-02-04 13:10:00,6,51.155,-114.082,G17_08,staged
2025-02-04 13:15:00,1,51.01525,-114.0031,G09_11,on_scene
2025-02-04 13:15:00,2,51.101,-114.138,G14_06,staged
2025-02-04 13:15:00,3,51.03995,-114.01541,G11_10,returning
2025-02-04 13:15:00,4,50.975,-114.11,G07_07,staged
2025-02-04 13:15:00,5,50.957,-114.026,G06_10,staged
2025-02-04 13:15:00,6,51.155,-114.082,G17_08,staged
2025-02-04 13:20:00,1,51.01525,-114.0031,G09_11,on_scene
2025-02-04 13:20:00,2,51.101,-114.138,G14_06,staged
2025-02-04 13:20:00,3,51.04557,-114.04182,G11_09,responding
2025-02-04 13:20:00,4,50.975,-114.11,G07_07,staged
2025-02-04 13:20:00,5,50.95709,-114.01844,G06_10,responding
2025-02-04 13:20:00,6,51.155,-114.082,G17_08,staged
2025-02-04 13:25:00,1,51.01525,-114.0031,G09_11,on_scene
2025-02-04 13:25:00,2,51.101,-114.138,G14_06,staged
2025-02-04 13:25:00,3,51.04793,-114.07372,G11_08,on_scene
2025-02-04 13:25:00,4,50.975,-114.11,G07_07,staged
2025-02-04 13:25:00,5,50.95752,-113.98183,G06_12,responding
2025-02-04 13:25:00,6,51.155,-114.082,G17_08,staged
2025-02-04 13:30:00,1,51.01525,-114.0031,G09_11,on_scene
2025-02-04 13:30:00,2,51.101,-114.138,G14_06,staged
2025-02-04 13:30:00,3,51.04793,-114.07372,G11_08,on_scene
2025-02-04 13:30:00,4,50.975,-114.11,G07_07,staged
2025-02-04 13:30:00,5,50.95778,-113.95961,G06_12,on_scene
2025-02-04 13:30:00,6,51.155,-114.082,G17_08,staged
2025-02-04 13:35:00,1,51.01525,-114.0031,G09_11,on_scene
2025-02-04 13:35:00,2,51.101,-114.138,G14_06,staged
2025-02-04 13:35:00,3,51.04793,-114.07372,G11_08,on_scene
2025-02-04 13:35:00,4,50.975,-114.11,G07_07,staged
2025-02-04 13:35:00,5,50.95778,-113.95961,G06_12,on_scene
2025-02-04 13:35:00,6,51.155,-114.082,G17_08,staged
2025-02-04 13:40:00,1,51.02,-114.01489,G09_10,returning
2025-02-04 13:40:00,2,51.101,-114.138,G14_06,staged
2025-02-04 13:40:00,3,51.04793,-114.07372,G11_08,on_scene
2025-02-04 13:40:00,4,50.975,-114.11,G07_07,staged
2025-02-04 13:40:00,5,50.95778,-113.95961,G06_12,on_scene
2025-02-04 13:40:00,6,51.155,-114.082,G17_08,staged
2025-02-04 13:45:00,1,51.03242,-114.04578,G10_09,returning
2025-02-04 13:45:00,2,51.101,-114.138,G14_06,staged
2025-02-04 13:45:00,3,51.04793,-114.07372,G11_08,on_scene
2025-02-04 13:45:00,4,50.975,-114.11,G07_07,staged
2025-02-04 13:45:00,5,50.95778,-113.95961,G06_12,on_scene
2025-02-04 13:45:00,6,51.155,-114.082,G17_08,staged
2025-02-04 13:50:00,1,51.0276,-114.07076,G10_08,responding
2025-02-04 13:50:00,2,51.101,-114.138,G14_06,staged
2025-02-04 13:50:00,3,51.04793,-114.07372,G11_08,on_scene
2025-02-04 13:50:00,4,50.98739,-114.10705,G08_07,responding
2025-02-04 13:50:00,5,50.95778,-113.95961,G06_12,on_scene
2025-02-04 13:50:00,6,51.155,-114.082,G17_08,staged
2025-02-04 13:55:00,1,51.00829,-114.09078,G09_08,responding
2025-02-04 13:55:00,2,51.101,-114.138,G14_06,staged
2025-02-04 13:55:00,3,51.04929,-114.0697,G11_08,returning
2025-02-04 13:55:00,4,50.99737,-114.10467,G08_07,on_scene
2025-02-04 13:55:00,5,50.95778,-113.95961,G06_12,on_scene
2025-02-04 13:55:00,6,51.155,-114.082,G17_08,staged
2025-02-04 14:00:00,1,50.99667,-114.10282,G08_07,on_scene
2025-02-04 14:00:00,2,51.101,-114.138,G14_06,staged
2025-02-04 14:00:00,3,51.06022,-114.03739,G12_10,returning
2025-02-04 14:00:00,4,50.99737,-114.10467,G08_07,on_scene
2025-02-04 14:00:00,5,50.95761,-113.974,G06_12,returning
2025-02-04 14:00:00,6,51.155,-114.082,G17_08,staged
2025-02-04 14:05:00,1,50.99667,-114.10282,G08_07,on_scene
2025-02-04 14:05:00,2,51.101,-114.138,G14_06,staged
2025-02-04 14:05:00,3,51.07114,-114.00507,G12_11,returning
2025-02-04 14:05:00,4,50.99737,-114.10467,G08_07,on_scene
2025-02-04 14:05:00,5,50.95718,-114.0106,G06_11,returning
2025-02-04 14:05:00,6,51.155,-114.082,G17_08,staged
2025-02-04 14:10:00,1,50.99667,-114.10282,G08_07,on_scene
2025-02-04 14:10:00,2,51.101,-114.138,G14_06,staged
2025-02-04 14:10:00,3,51.08207,-113.97276,G13_12,returning
2025-02-04 14:10:00,4,50.99737,-114.10467,G08_07,on_scene
2025-02-04 14:10:00,5,50.957,-114.026,G06_10,staged
2025-02-04 14:10:00,6,51.155,-114.082,G17_08,staged
2025-02-04 14:15:00,1,50.99667,-114.10282,G08_07,on_scene
2025-02-04 14:15:00,2,51.101,-114.138,G14_06,staged
2025-02-04 14:15:00,3,51.083,-113.97,G13_12,staged
2025-02-04 14:15:00,4,50.99737,-114.10467,G08_07,on_scene
2025-02-04 14:15:00,5,50.957,-114.026,G06_10,staged
2025-02-04 14:15:00,6,51.155,-114.082,G17_08,staged
2025-02-04 14:20:00,1,50.99667,-114.10282,G08_07,on_scene
2025-02-04 14:20:00,2,51.101,-114.138,G14_06,staged
2025-02-04 14:20:00,3,51.083,-113.97,G13_12,staged
2025-02-04 14:20:00,4,50.99737,-114.10467,G08_07,on_scene
2025-02-04 14:20:00,5,50.957,-114.026,G06_10,staged
2025-02-04 14:20:00,6,51.155,-114.082,G17_08,staged
2025-02-04 14:25:00,1,50.99667,-114.10282,G08_07,on_scene
2025-02-04 14:25:00,2,51.101,-114.138,G14_06,staged
2025-02-04 14:25:00,3,51.083,-113.97,G13_12,staged
2025-02-04 14:25:00,4,50.98455,-114.10773,G08_07,returning
2025-02-04 14:25:00,5,50.957,-114.026,G06_10,staged
2025-02-04 14:25:00,6,51.155,-114.082,G17_08,staged
2025-02-04 14:30:00,1,51.00565,-114.10428,G09_07,responding
2025-02-04 14:30:00,2,51.08967,-114.13346,G13_06,responding
2025-02-04 14:30:00,3,51.083,-113.97,G13_12,staged
2025-02-04 14:30:00,4,50.975,-114.11,G07_07,staged
2025-02-04 14:30:00,5,50.957,-114.026,G06_10,staged
2025-02-04 14:30:00,6,51.155,-114.082,G17_08,staged
2025-02-04 14:35:00,1,51.02822,-114.1118,G10_07,responding
2025-02-04 14:35:00,2,51.07217,-114.12645,G12_06,on_scene
2025-02-04 14:35:00,3,51.083,-113.97,G13_12,staged
2025-02-04 14:35:00,4,50.975,-114.11,G07_07,staged
2025-02-04 14:35:00,5,50.957,-114.026,G06_10,staged
2025-02-04 14:35:00,6,51.15477,-114.06178,G17_09,responding
2025-02-04 14:40:00,1,51.05078,-114.11932,G11_07,responding
2025-02-04 14:40:00,2,51.07217,-114.12645,G12_06,on_scene
2025-02-04 14:40:00,3,51.083,-113.97,G13_12,staged
2025-02-04 14:40:00,4,50.975,-114.11,G07_07,staged
2025-02-04 14:40:00,5,50.957,-114.026,G06_10,staged
2025-02-04 14:40:00,6,51.15438,-114.02852,G17_10,on_scene
2025-02-04 14:45:00,1,51.07217,-114.12645,G12_06,on_scene
2025-02-04 14:45:00,2,51.07217,-114.12645,G12_06,on_scene
2025-02-04 14:45:00,3,51.083,-113.97,G13_12,staged
2025-02-04 14:45:00,4,50.975,-114.11,G07_07,staged
2025-02-04 14:45:00,5,50.957,-114.026,G06_10,staged
2025-02-04 14:45:00,6,51.15438,-114.02852,G17_10,on_scene
2025-02-04 14:50:00,1,51.07217,-114.12645,G12_06,on_scene
2025-02-04 14:50:00,2,51.07217,-114.12645,G12_06,on_scene
2025-02-04 14:50:00,3,51.083,-113.97,G13_12,staged
2025-02-04 14:50:00,4,50.975,-114.11,G07_07,staged
2025-02-04 14:50:00,5,50.957,-114.026,G06_10,staged
2025-02-04 14:50:00,6,51.15438,-114.02852,G17_10,on_scene
2025-02-04 14:55:00,1,51.07217,-114.12645,G12_06,on_scene
2025-02-04 14:55:00,2,51.07217,-114.12645,G12_06,on_scene
2025-02-04 14:55:00,3,51.06231,-113.96013,G12_12,responding
2025-02-04 14:55:00,4,50.975,-114.11,G07_07,staged
2025-02-04 14:55:00,5,50.957,-114.026,G06_10,staged
2025-02-04 14:55:00,6,51.15438,-114.02852,G17_10,on_scene
2025-02-04 15:00:00,1,51.07217,-114.12645,G12_06,on_scene
2025-02-04 15:00:00,2,51.07217,-114.12645,G12_06,on_scene
2025-02-04 15:00:00,3,51.05326,-113.95582,G11_13,on_scene
2025-02-04 15:00:00,4,50.975,-114.11,G07_07,staged
2025-02-04 15:00:00,5,50.957,-114.026,G06_10,staged
2025-02-04 15:00:00,6,51.15438,-114.02852,G17_10,on_scene
2025-02-04 15:05:00,1,51.07217,-114.12645,G12_06,on_scene
2025-02-04 15:05:00,2,51.07704,-114.1284,G13_06,returning
2025-02-04 15:05:00,3,51.05326,-113.95582,G11_13,on_scene
2025-02-04 15:05:00,4,50.975,-114.11,G07_07,staged
2025-02-04 15:05:00,5,50.957,-114.026,G06_10,staged
2025-02-04 15:05:00,6,51.15438,-114.02852,G17_10,on_scene
2025-02-04 15:10:00,1,51.07217,-114.12645,G12_06,on_scene
2025-02-04 15:10:00,2,51.0994,-114.13736,G14_06,returning
2025-02-04 15:10:00,3,51.05326,-113.95582,G11_13,on_scene
2025-02-04 15:10:00,4,50.975,-114.11,G07_07,staged
2025-02-04 15:10:00,5,50.957,-114.026,G06_10,staged
2025-02-04 15:10:00,6,51.15442,-114.03202,G17_10,returning
2025-02-04 15:15:00,1,51.07137,-114.12503,G12_06,returning
2025-02-04 15:15:00,2,51.10459,-114.14019,G14_06,responding
2025-02-04 15:15:00,3,51.05326,-113.95582,G11_13,on_scene
2025-02-04 15:15:00,4,50.98594,-114.10349,G08_07,responding
2025-02-04 15:15:00,5,50.957,-114.026,G06_10,staged
2025-02-04 15:15:00,6,51.15485,-114.06877,G17_08,returning
2025-02-04 15:20:00,1,51.06369,-114.09693,G12_07,responding
2025-02-04 15:20:00,2,51.12613,-114.15332,G15_05,responding
2025-02-04 15:20:00,3,51.05326,-113.95582,G11_13,on_scene
2025-02-04 15:20:00,4,50.99467,-114.09829,G08_07,on_scene
2025-02-04 15:20:00,5,50.957,-114.026,G06_10,staged
2025-02-04 15:20:00,6,51.155,-114.082,G17_08,staged
2025-02-04 15:25:00,1,51.06687,-114.08948,G12_08,on_scene
2025-02-04 15:25:00,2,51.14766,-114.16645,G17_05,responding
2025-02-04 15:25:00,3,51.05326,-113.95582,G11_13,on_scene
2025-02-04 15:25:00,4,50.99467,-114.09829,G08_07,on_scene
2025-02-04 15:25:00,5,50.957,-114.026,G06_10,staged
2025-02-04 15:25:00,6,51.155,-114.082,G17_08,staged
2025-02-04 15:30:00,1,51.06687,-114.08948,G12_08,on_scene
2025-02-04 15:30:00,2,51.14919,-114.16738,G17_05,on_scene
2025-02-04 15:30:00,3,51.0663,-113.96203,G12_12,returning
2025-02-04 15:30:00,4,50.99467,-114.09829,G08_07,on_scene
2025-02-04 15:30:00,5,50.95299,-114.03292,G06_10,responding
2025-02-04 15:30:00,6,51.155,-114.082,G17_08,staged
2025-02-04 15:35:00,1,51.06687,-114.08948,G12_08,on_scene
2025-02-04 15:35:00,2,51.14919,-114.16738,G17_05,on_scene
2025-02-04 15:35:00,3,51.083,-113.97,G13_12,staged
2025-02-04 15:35:00,4,50.99467,-114.09829,G08_07,on_scene
2025-02-04 15:35:00,5,50.93739,-114.05986,G05_09,responding
2025-02-04 15:35:00,6,51.155,-114.082,G17_08,staged
2025-02-04 15:40:00,1,51.06687,-114.08948,G12_08,on_scene
2025-02-04 15:40:00,2,51.14919,-114.16738,G17_05,on_scene
2025-02-04 15:40:00,3,51.0791,-113.97259,G13_12,responding
2025-02-04 15:40:00,4,50.99467,-114.09829,G08_07,on_scene
2025-02-04 15:40:00,5,50.93158,-114.06989,G05_08,on_scene
2025-02-04 15:40:00,6,51.1384,-114.08648,G16_08,responding
2025-02-04 15:45:00,1,51.06687,-114.08948,G12_08,on_scene
2025-02-04 15:45:00,2,51.14919,-114.16738,G17_05,on_scene
2025-02-04 15:45:00,3,51.05782,-113.98674,G12_11,responding
2025-02-04 15:45:00,4,50.99467,-114.09829,G08_07,on_scene
2025-02-04 15:45:00,5,50.93158,-114.06989,G05_08,on_scene
2025-02-04 15:45:00,6,51.11567,-114.09261,G15_08,responding
2025-02-04 15:50:00,1,51.06687,-114.08948,G12_08,on_scene
2025-02-04 15:50:00,2,51.14919,-114.16738,G17_05,on_scene
2025-02-04 15:50:00,3,51.03655,-114.00089,G10_11,responding
2025-02-04 15:50:00,4,50.99148,-114.09625,G08_07,responding
2025-02-04 15:50:00,5,50.93158,-114.06989,G05_08,on_scene
2025-02-04 15:50:00,6,51.09293,-114.09875,G14_07,responding
2025-02-04 15:55:00,1,51.07389,-114.11483,G12_07,responding
2025-02-04 15:55:00,2,51.14919,-114.16738,G17_05,on_scene
2025-02-04 15:55:00,3,51.01528,-114.01504,G09_10,responding
2025-02-04 15:55:00,4,51.0081,-114.07082,G09_08,responding
2025-02-04 15:55:00,5,50.93158,-114.06989,G05_08,on_scene
2025-02-04 15:55:00,6,51.08513,-114.10085,G13_07,on_scene
2025-02-04 16:00:00,1,51.07426,-114.11618,G13_07,on_scene
2025-02-04 16:00:00,2,51.14681,-114.20132,G17_04,responding
2025-02-04 16:00:00,3,51.00867,-114.01943,G09_10,on_scene
2025-02-04 16:00:00,4,51.02471,-114.04539,G10_09,responding
2025-02-04 16:00:00,5,50.93158,-114.06989,G05_08,on_scene
2025-02-04 16:00:00,6,51.08513,-114.10085,G13_07,on_scene
2025-02-04 16:05:00,1,51.07426,-114.11618,G13_07,on_scene
2025-02-04 16:05:00,2,51.14424,-114.23785,G16_02,responding
2025-02-04 16:05:00,3,51.00867,-114.01943,G09_10,on_scene
2025-02-04 16:05:00,4,51.04133,-114.01996,G11_10,responding
2025-02-04 16:05:00,5,50.93158,-114.06989,G05_08,on_scene
2025-02-04 16:05:00,6,51.08513,-114.10085,G13_07,on_scene
2025-02-04 16:10:00,1,51.07426,-114.11618,G13_07,on_scene
2025-02-04 16:10:00,2,51.14287,-114.25737,G16_02,on_scene
2025-02-04 16:10:00,3,51.00867,-114.01943,G09_10,on_scene
2025-02-04 16:10:00,4,51.05794,-113.99453,G12_11,responding
2025-02-04 16:10:00,5,50.94584,-114.07377,G05_08,responding
2025-02-04 16:10:00,6,51.08513,-114.10085,G13_07,on_scene
2025-02-04 16:15:00,1,51.07426,-114.11618,G13_07,on_scene
2025-02-04 16:15:00,2,51.14287,-114.25737,G16_02,on_scene
2025-02-04 16:15:00,3,51.00867,-114.01943,G09_10,on_scene
2025-02-04 16:15:00,4,51.07456,-113.96909,G13_12,responding
2025-02-04 16:15:00,5,50.96857,-114.07994,G07_08,responding
2025-02-04 16:15:00,6,51.08513,-114.10085,G13_07,on_scene
2025-02-04 16:20:00,1,51.07426,-114.11618,G13_07,on_scene
2025-02-04 16:20:00,2,51.14287,-114.25737,G16_02,on_scene
2025-02-04 16:20:00,3,51.00867,-114.01943,G09_10,on_scene
2025-02-04 16:20:00,4,51.09117,-113.94366,G13_13,responding
2025-02-04 16:20:00,5,50.9913,-114.08612,G08_08,responding
2025-02-04 16:20:00,6,51.08513,-114.10085,G13_07,on_scene
2025-02-04 16:25:00,1,51.07426,-114.11618,G13_07,on_scene
2025-02-04 16:25:00,2,51.14287,-114.25737,G16_02,on_scene
2025-02-04 16:25:00,3,51.00867,-114.01943,G09_10,on_scene
2025-02-04 16:25:00,4,51.09675,-113.93512,G14_13,on_scene
2025-02-04 16:25:00,5,51.01403,-114.0923,G09_08,responding
2025-02-04 16:25:00,6,51.09889,-114.09074,G14_08,responding
2025-02-04 16:30:00,1,51.08903,-114.14243,G13_06,responding
2025-02-04 16:30:00,2,51.14287,-114.25737,G16_02,on_scene
2025-02-04 16:30:00,3,51.02431,-114.02401,G10_10,responding
2025-02-04 16:30:00,4,51.09675,-113.93512,G14_13,on_scene
2025-02-04 16:30:00,5,51.03676,-114.09848,G10_07,responding
2025-02-04 16:30:00,6,51.11983,-114.07534,G15_08,responding
2025-02-04 16:35:00,1,51.10442,-114.16978,G14_05,responding
2025-02-04 16:35:00,2,51.14287,-114.25737,G16_02,on_scene
2025-02-04 16:35:00,3,51.04699,-114.03064,G11_10,responding
2025-02-04 16:35:00,4,51.09675,-113.93512,G14_13,on_scene
2025-02-04 16:35:00,5,51.04247,-114.10003,G11_07,on_scene
2025-02-04 16:35:00,6,51.12521,-114.07138,G15_08,on_scene
2025-02-04 16:40:00,1,51.1198,-114.19713,G15_04,responding
2025-02-04 16:40:00,2,51.13763,-114.24245,G16_02,returning
2025-02-04 16:40:00,3,51.06967,-114.03728,G12_10,responding
2025-02-04 16:40:00,4,51.09675,-113.93512,G14_13,on_scene
2025-02-04 16:40:00,5,51.04247,-114.10003,G11_07,on_scene
2025-02-04 16:40:00,6,51.12521,-114.07138,G15_08,on_scene
2025-02-04 16:45:00,1,51.12657,-114.20917,G15_03,on_scene
2025-02-04 16:45:00,2,51.1257,-114.21113,G15_03,responding
2025-02-04 16:45:00,3,51.09235,-114.04392,G14_09,responding
2025-02-04 16:45:00,4,51.09675,-113.93512,G14_13,on_scene
2025-02-04 16:45:00,5,51.04247,-114.10003,G11_07,on_scene
2025-02-04 16:45:00,6,51.12521,-114.07138,G15_08,on_scene
2025-02-04 16:50:00,1,51.12657,-114.20917,G15_03,on_scene
2025-02-04 16:50:00,2,51.111,-114.18285,G15_04,responding
2025-02-04 16:50:00,3,51.11065,-114.04927,G15_09,on_scene
2025-02-04 16:50:00,4,51.09675,-113.93512,G14_13,on_scene
2025-02-04 16:50:00,5,51.04247,-114.10003,G11_07,on_scene
2025-02-04 16:50:00,6,51.12521,-114.07138,G15_08,on_scene
2025-02-04 16:55:00,1,51.12657,-114.20917,G15_03,on_scene
2025-02-04 16:55:00,2,51.09631,-114.15458,G14_05,responding
2025-02-04 16:55:00,3,51.11065,-114.04927,G15_09,on_scene
2025-02-04 16:55:00,4,51.08159,-113.93859,G13_13,responding
2025-02-04 16:55:00,5,51.04247,-114.10003,G11_07,on_scene
2025-02-04 16:55:00,6,51.12521,-114.07138,G15_08,on_scene
2025-02-04 17:00:00,1,51.12657,-114.20917,G15_03,on_scene
2025-02-04 17:00:00,2,51.08162,-114.1263,G13_06,responding
2025-02-04 17:00:00,3,51.11065,-114.04927,G15_09,on_scene
2025-02-04 17:00:00,4,51.05877,-113.94381,G12_13,responding
2025-02-04 17:00:00,5,51.04247,-114.10003,G11_07,on_scene
2025-02-04 17:00:00,6,51.12521,-114.07138,G15_08,on_scene
2025-02-04 17:05:00,1,51.12657,-114.20917,G15_03,on_scene
2025-02-04 17:05:00,2,51.06693,-114.09802,G12_07,responding
2025-02-04 17:05:00,3,51.11065,-114.04927,G15_09,on_scene
2025-02-04 17:05:00,4,51.03594,-113.94903,G10_13,responding
2025-02-04 17:05:00,5,51.02539,-114.09594,G10_08,responding
2025-02-04 17:05:00,6,51.1082,-114.06817,G14_08,responding
2025-02-04 17:10:00,1,51.12657,-114.20917,G15_03,on_scene
2025-02-04 17:10:00,2,51.05224,-114.06974,G11_08,responding
2025-02-04 17:10:00,3,51.11065,-114.04927,G15_09,on_scene
2025-02-04 17:10:00,4,51.01312,-113.95425,G09_12,responding
2025-02-04 17:10:00,5,51.00259,-114.09047,G09_08,responding
2025-02-04 17:10:00,6,51.0853,-114.06385,G13_09,responding
2025-02-04 17:15:00,1,51.11899,-114.19253,G15_04,responding
2025-02-04 17:15:00,2,51.03754,-114.04146,G10_09,responding
2025-02-04 17:15:00,3,51.11065,-114.04927,G15_09,on_scene
2025-02-04 17:15:00,4,50.99411,-113.9586,G08_12,on_scene
2025-02-04 17:15:00,5,50.97979,-114.08501,G07_08,responding
2025-02-04 17:15:00,6,51.0624,-114.05953,G12_09,responding
2025-02-04 17:20:00,1,51.10545,-114.16281,G14_05,responding
2025-02-04 17:20:00,2,51.02285,-114.01318,G10_10,responding
2025-02-04 17:20:00,3,51.10638,-114.04727,G14_09,responding
2025-02-04 17:20:00,4,50.99411,-113.9586,G08_12,on_scene
2025-02-04 17:20:00,5,50.95699,-114.07954,G06_08,responding
2025-02-04 17:20:00,6,51.0395,-114.0552,G11_09,responding
2025-02-04 17:25:00,1,51.09191,-114.13309,G13_06,responding
2025-02-04 17:25:00,2,51.00816,-113.9849,G09_11,responding
2025-02-04 17:25:00,3,51.08664,-114.03803,G13_10,on_scene
2025-02-04 17:25:00,4,50.99411,-113.9586,G08_12,on_scene
2025-02-04 17:25:00,5,50.93418,-114.07408,G05_08,responding
2025-02-04 17:25:00,6,51.0166,-114.05088,G09_09,responding
2025-02-04 17:30:00,1,51.07837,-114.10337,G13_07,responding
2025-02-04 17:30:00,2,50.99438,-113.95837,G08_12,on_scene
2025-02-04 17:30:00,3,51.08664,-114.03803,G13_10,on_scene
2025-02-04 17:30:00,4,50.99411,-113.9586,G08_12,on_scene
2025-02-04 17:30:00,5,50.91138,-114.06861,G03_08,responding
2025-02-04 17:30:00,6,51.00595,-114.04887,G09_09,on_scene
2025-02-04 17:35:00,1,51.06483,-114.07365,G12_08,responding
2025-02-04 17:35:00,2,50.99438,-113.95837,G08_12,on_scene
2025-02-04 17:35:00,3,51.08664,-114.03803,G13_10,on_scene
2025-02-04 17:35:00,4,50.99411,-113.9586,G08_12,on_scene
2025-02-04 17:35:00,5,50.90403,-114.06685,G03_09,on_scene
2025-02-04 17:35:00,6,51.00595,-114.04887,G09_09,on_scene
2025-02-04 17:40:00,1,51.05977,-114.06254,G12_09,on_scene
2025-02-04 17:40:00,2,50.99438,-113.95837,G08_12,on_scene
2025-02-04 17:40:00,3,51.08664,-114.03803,G13_10,on_scene
2025-02-04 17:40:00,4,50.99411,-113.9586,G08_12,on_scene
2025-02-04 17:40:00,5,50.90403,-114.06685,G03_09,on_scene
2025-02-04 17:40:00,6,51.00595,-114.04887,G09_09,on_scene
2025-02-04 17:45:00,1,51.05977,-114.06254,G12_09,on_scene
2025-02-04 17:45:00,2,50.99438,-113.95837,G08_12,on_scene
2025-02-04 17:45:00,3,51.08664,-114.03803,G13_10,on_scene
2025-02-04 17:45:00,4,50.99542,-113.96435,G08_12,responding
2025-02-04 17:45:00,5,50.90403,-114.06685,G03_09,on_scene
2025-02-04 17:45:00,6,51.00595,-114.04887,G09_09,on_scene
2025-02-04 17:50:00,1,51.05977,-114.06254,G12_09,on_scene
2025-02-04 17:50:00,2,50.99438,-113.95837,G08_12,on_scene
2025-02-04 17:50:00,3,51.08664,-114.03803,G13_10,on_scene
2025-02-04 17:50:00,4,51.00327,-113.99881,G09_11,responding
2025-02-04 17:50:00,5,50.90403,-114.06685,G03_09,on_scene
2025-02-04 17:50:00,6,51.00595,-114.04887,G09_09,on_scene
2025-02-04 17:55:00,1,51.05977,-114.06254,G12_09,on_scene
2025-02-04 17:55:00,2,50.99438,-113.95837,G08_12,on_scene
2025-02-04 17:55:00,3,51.08585,-114.04178,G13_09,responding
2025-02-04 17:55:00,4,51.00627,-114.01198,G09_11,on_scene
2025-02-04 17:55:00,5,50.90403,-114.06685,G03_09,on_scene
2025-02-04 17:55:00,6,51.00595,-114.04887,G09_09,on_scene
2025-02-04 18:00:00,1,51.05977,-114.06254,G12_09,on_scene
2025-02-04 18:00:00,2,50.99536,-113.96003,G08_12,returning
2025-02-04 18:00:00,3,51.07856,-114.0766,G13_08,responding
2025-02-04 18:00:00,4,51.00627,-114.01198,G09_11,on_scene
2025-02-04 18:00:00,5,50.90403,-114.06685,G03_09,on_scene
2025-02-04 18:00:00,6,51.01815,-114.05158,G09_09,returning
2025-02-04 18:05:00,1,51.05977,-114.06254,G12_09,on_scene
2025-02-04 18:05:00,2,51.01119,-113.9867,G09_11,returning
2025-02-04 18:05:00,3,51.07234,-114.1063,G12_07,on_scene
2025-02-04 18:05:00,4,51.00627,-114.01198,G09_11,on_scene
2025-02-04 18:05:00,5,50.91808,-114.05602,G04_09,returning
2025-02-04 18:05:00,6,51.04082,-114.05821,G11_09,responding
2025-02-04 18:10:00,1,51.07153,-114.0562,G12_09,on_scene
2025-02-04 18:10:00,2,51.02538,-114.01541,G10_10,responding
2025-02-04 18:10:00,3,51.07234,-114.1063,G12_07,on_scene
2025-02-04 18:10:00,4,51.00627,-114.01198,G09_11,on_scene
2025-02-04 18:10:00,5,50.93882,-114.04002,G05_09,returning
2025-02-04 18:10:00,6,51.06339,-114.06574,G12_09,responding
2025-02-04 18:15:00,1,51.07153,-114.0562,G12_09,on_scene
2025-02-04 18:15:00,2,51.03786,-114.04625,G10_09,responding
2025-02-04 18:15:00,3,51.07234,-114.1063,G12_07,on_scene
2025-02-04 18:15:00,4,51.00627,-114.01198,G09_11,on_scene
2025-02-04 18:15:00,5,50.957,-114.026,G06_10,staged
2025-02-04 18:15:00,6,51.08596,-114.07327,G13_08,responding
2025-02-04 18:20:00,1,51.07153,-114.0562,G12_09,on_scene
2025-02-04 18:20:00,2,51.05034,-114.07709,G11_08,responding
2025-02-04 18:20:00,3,51.07234,-114.1063,G12_07,on_scene
2025-02-04 18:20:00,4,51.00627,-114.01198,G09_11,on_scene
2025-02-04 18:20:00,5,50.957,-114.026,G06_10,staged
2025-02-04 18:20:00,6,51.10853,-114.0808,G14_08,responding
2025-02-04 18:25:00,1,51.07153,-114.0562,G12_09,on_scene
2025-02-04 18:25:00,2,51.05747,-114.09471,G12_08,on_scene
2025-02-04 18:25:00,3,51.07234,-114.1063,G12_07,on_scene
2025-02-04 18:25:00,4,50.99983,-114.03217,G08_10,returning
2025-02-04 18:25:00,5,50.957,-114.026,G06_10,staged
2025-02-04 18:25:00,6,51.1311,-114.08833,G16_08,responding
2025-02-04 18:30:00,1,51.07153,-114.0562,G12_09,on_scene
2025-02-04 18:30:00,2,51.05747,-114.09471,G12_08,on_scene
2025-02-04 18:30:00,3,51.07234,-114.1063,G12_07,on_scene
2025-02-04 18:30:00,4,50.98941,-114.06484,G08_09,returning
2025-02-04 18:30:00,5,50.957,-114.026,G06_10,staged
2025-02-04 18:30:00,6,51.13356,-114.08915,G16_08,on_scene
2025-02-04 18:35:00,1,51.07153,-114.0562,G12_09,on_scene
2025-02-04 18:35:00,2,51.05747,-114.09471,G12_08,on_scene
2025-02-04 18:35:00,3,51.07017,-114.10213,G12_07,responding
2025-02-04 18:35:00,4,50.97898,-114.09752,G07_07,returning
2025-02-04 18:35:00,5,50.957,-114.026,G06_10,staged
2025-02-04 18:35:00,6,51.13356,-114.08915,G16_08,on_scene
2025-02-04 18:40:00,1,51.07266,-114.05682,G12_09,responding
2025-02-04 18:40:00,2,51.05747,-114.09471,G12_08,on_scene
2025-02-04 18:40:00,3,51.06702,-114.09604,G12_07,on_scene
2025-02-04 18:40:00,4,50.975,-114.11,G07_07,staged
2025-02-04 18:40:00,5,50.957,-114.026,G06_10,staged
2025-02-04 18:40:00,6,51.13356,-114.08915,G16_08,on_scene
2025-02-04 18:45:00,1,51.09564,-114.05975,G14_09,responding
2025-02-04 18:45:00,2,51.05747,-114.09471,G12_08,on_scene
2025-02-04 18:45:00,3,51.06702,-114.09604,G12_07,on_scene
2025-02-04 18:45:00,4,50.97842,-114.10437,G07_07,responding
2025-02-04 18:45:00,5,50.95074,-114.02488,G06_10,responding
2025-02-04 18:45:00,6,51.13356,-114.08915,G16_08,on_scene
2025-02-04 18:50:00,1,51.11863,-114.06269,G15_09,responding
2025-02-04 18:50:00,2,51.05747,-114.09471,G12_08,on_scene
2025-02-04 18:50:00,3,51.06702,-114.09604,G12_07,on_scene
2025-02-04 18:50:00,4,50.99443,-114.078,G08_08,responding
2025-02-04 18:50:00,5,50.92782,-114.0208,G05_10,responding
2025-02-04 18:50:00,6,51.13356,-114.08915,G16_08,on_scene
2025-02-04 18:55:00,1,51.14162,-114.06562,G16_09,responding
2025-02-04 18:55:00,2,51.06585,-114.10305,G12_07,returning
2025-02-04 18:55:00,3,51.06702,-114.09604,G12_07,on_scene
2025-02-04 18:55:00,4,51.01044,-114.05162,G09_09,responding
2025-02-04 18:55:00,5,50.90491,-114.01672,G03_11,responding
2025-02-04 18:55:00,6,51.13356,-114.08915,G16_08,on_scene
2025-02-04 19:00:00,1,51.15305,-114.06708,G17_09,on_scene
2025-02-04 19:00:00,2,51.0854,-114.12249,G13_07,returning
2025-02-04 19:00:00,3,51.06702,-114.09604,G12_07,on_scene
2025-02-04 19:00:00,4,51.02645,-114.02524,G10_10,responding
2025-02-04 19:00:00,5,50.88199,-114.01264,G02_10,responding
2025-02-04 19:00:00,6,51.15367,-114.08244,G17_08,returning
2025-02-04 19:05:00,1,51.15305,-114.06708,G17_09,on_scene
2025-02-04 19:05:00,2,51.101,-114.138,G14_06,staged
2025-02-04 19:05:00,3,51.06702,-114.09604,G12_07,on_scene
2025-02-04 19:05:00,4,51.04246,-113.99886,G11_11,responding
2025-02-04 19:05:00,5,50.86317,-114.00929,G01_10,on_scene
2025-02-04 19:05:00,6,51.155,-114.082,G17_08,staged
2025-02-04 19:10:00,1,51.15305,-114.06708,G17_09,on_scene
2025-02-04 19:10:00,2,51.101,-114.138,G14_06,staged
2025-02-04 19:10:00,3,51.06723,-114.07046,G12_08,responding
2025-02-04 19:10:00,4,51.05214,-113.98292,G11_12,on_scene
2025-02-04 19:10:00,5,50.86317,-114.00929,G01_10,on_scene
2025-02-04 19:10:00,6,51.155,-114.082,G17_08,staged
2025-02-04 19:15:00,1,51.15305,-114.06708,G17_09,on_scene
2025-02-04 19:15:00,2,51.101,-114.138,G14_06,staged
2025-02-04 19:15:00,3,51.04649,-114.05441,G11_09,responding
2025-02-04 19:15:00,4,51.05214,-113.98292,G11_12,on_scene
2025-02-04 19:15:00,5,50.86317,-114.00929,G01_10,on_scene
2025-02-04 19:15:00,6,51.155,-114.082,G17_08,staged
2025-02-04 19:20:00,1,51.15305,-114.06708,G17_09,on_scene
2025-02-04 19:20:00,2,51.101,-114.138,G14_06,staged
2025-02-04 19:20:00,3,51.02576,-114.03837,G10_10,responding
2025-02-04 19:20:00,4,51.05214,-113.98292,G11_12,on_scene
2025-02-04 19:20:00,5,50.86317,-114.00929,G01_10,on_scene
2025-02-04 19:20:00,6,51.155,-114.082,G17_08,staged
2025-02-04 19:25:00,1,51.15305,-114.06708,G17_09,on_scene
2025-02-04 19:25:00,2,51.101,-114.138,G14_06,staged
2025-02-04 19:25:00,3,51.00503,-114.02233,G09_10,responding
2025-02-04 19:25:00,4,51.05214,-113.98292,G11_12,on_scene
2025-02-04 19:25:00,5,50.86317,-114.00929,G01_10,on_scene
2025-02-04 19:25:00,6,51.155,-114.082,G17_08,staged
2025-02-04 19:30:00,1,51.14151,-114.0687,G16_08,returning
2025-02-04 19:30:00,2,51.09028,-114.11232,G13_07,responding
2025-02-04 19:30:00,3,50.9843,-114.00628,G08_11,responding
2025-02-04 19:30:00,4,51.05214,-113.98292,G11_12,on_scene
2025-02-04 19:30:00,5,50.86317,-114.00929,G01_10,on_scene
2025-02-04 19:30:00,6,51.155,-114.082,G17_08,staged
2025-02-04 19:35:00,1,51.11854,-114.07193,G15_08,returning
2025-02-04 19:35:00,2,51.07752,-114.08174,G13_08,responding
2025-02-04 19:35:00,3,50.96357,-113.99024,G06_11,responding
2025-02-04 19:35:00,4,51.05214,-113.98292,G11_12,on_scene
2025-02-04 19:35:00,5,50.86704,-114.0115,G01_10,responding
2025-02-04 19:35:00,6,51.155,-114.082,G17_08,staged
2025-02-04 19:40:00,1,51.09557,-114.07517,G14_08,returning
2025-02-04 19:40:00,2,51.06684,-114.05617,G12_09,on_scene
2025-02-04 19:40:00,3,50.94284,-113.9742,G05_12,responding
2025-02-04 19:40:00,4,51.0458,-113.99335,G11_11,returning
2025-02-04 19:40:00,5,50.88873,-114.0239,G02_10,responding
2025-02-04 19:40:00,6,51.155,-114.082,G17_08,staged
2025-02-04 19:45:00,1,51.0726,-114.0784,G12_08,returning
2025-02-04 19:45:00,2,51.06684,-114.05617,G12_09,on_scene
2025-02-04 19:45:00,3,50.93211,-113.9659,G05_12,on_scene
2025-02-04 19:45:00,4,51.02979,-114.01973,G10_10,returning
2025-02-04 19:45:00,5,50.89113,-114.02527,G02_10,on_scene
2025-02-04 19:45:00,6,51.155,-114.082,G17_08,staged
2025-02-04 19:50:00,1,51.04963,-114.08163,G11_08,returning
2025-02-04 19:50:00,2,51.06684,-114.05617,G12_09,on_scene
2025-02-04 19:50:00,3,50.93211,-113.9659,G05_12,on_scene
2025-02-04 19:50:00,4,51.01378,-114.04611,G09_09,returning
2025-02-04 19:50:00,5,50.89113,-114.02527,G02_10,on_scene
2025-02-04 19:50:00,6,51.15678,-114.08123,G17_08,responding
2025-02-04 19:55:00,1,51.047,-114.082,G11_08,staged
2025-02-04 19:55:00,2,51.06684,-114.05617,G12_09,on_scene
2025-02-04 19:55:00,3,50.93211,-113.9659,G05_12,on_scene
2025-02-04 19:55:00,4,50.99777,-114.07249,G08_08,returning
2025-02-04 19:55:00,5,50.89113,-114.02527,G02_10,on_scene
2025-02-04 19:55:00,6,51.17903,-114.07154,G18_08,responding
2025-02-04 20:00:00,1,51.047,-114.082,G11_08,staged
2025-02-04 20:00:00,2,51.06684,-114.05617,G12_09,on_scene
2025-02-04 20:00:00,3,50.93211,-113.9659,G05_12,on_scene
2025-02-04 20:00:00,4,50.98176,-114.09886,G07_07,returning
2025-02-04 20:00:00,5,50.89113,-114.02527,G02_10,on_scene
2025-02-04 20:00:00,6,51.18347,-114.06961,G19_08,on_scene
2025-02-04 20:05:00,1,51.047,-114.082,G11_08,staged
2025-02-04 20:05:00,2,51.06684,-114.05617,G12_09,on_scene
2025-02-04 20:05:00,3,50.93211,-113.9659,G05_12,on_scene
2025-02-04 20:05:00,4,50.975,-114.11,G07_07,staged
2025-02-04 20:05:00,5,50.89113,-114.02527,G02_10,on_scene
2025-02-04 20:05:00,6,51.18347,-114.06961,G19_08,on_scene
2025-02-04 20:10:00,1,51.047,-114.082,G11_08,staged
2025-02-04 20:10:00,2,51.06893,-114.06117,G12_09,returning
2025-02-04 20:10:00,3,50.93211,-113.9659,G05_12,on_scene
2025-02-04 20:10:00,4,50.975,-114.11,G07_07,staged
2025-02-04 20:10:00,5,50.89113,-114.02527,G02_10,on_scene
2025-02-04 20:10:00,6,51.18347,-114.06961,G19_08,on_scene
2025-02-04 20:15:00,1,51.047,-114.082,G11_08,staged
2025-02-04 20:15:00,2,51.08169,-114.09174,G13_08,returning
2025-02-04 20:15:00,3,50.94324,-113.9662,G05_12,returning
2025-02-04 20:15:00,4,50.975,-114.11,G07_07,staged
2025-02-04 20:15:00,5,50.91164,-114.0255,G03_11,returning
2025-02-04 20:15:00,6,51.18347,-114.06961,G19_08,on_scene
2025-02-04 20:20:00,1,51.047,-114.082,G11_08,staged
2025-02-04 20:20:00,2,51.09445,-114.12231,G14_07,returning
2025-02-04 20:20:00,3,50.96629,-113.96683,G07_12,returning
2025-02-04 20:20:00,4,50.975,-114.11,G07_07,staged
2025-02-04 20:20:00,5,50.9347,-114.02575,G05_10,returning
2025-02-04 20:20:00,6,51.18347,-114.06961,G19_08,on_scene
2025-02-04 20:25:00,1,51.047,-114.082,G11_08,staged
2025-02-04 20:25:00,2,51.101,-114.138,G14_06,staged
2025-02-04 20:25:00,3,50.98935,-113.96745,G08_12,returning
2025-02-04 20:25:00,4,50.975,-114.11,G07_07,staged
2025-02-04 20:25:00,5,50.957,-114.026,G06_10,staged
2025-02-04 20:25:00,6,51.18347,-114.06961,G19_08,on_scene
2025-02-04 20:30:00,1,51.047,-114.082,G11_08,staged
2025-02-04 20:30:00,2,51.101,-114.138,G14_06,staged
2025-02-04 20:30:00,3,51.01241,-113.96808,G09_12,returning
2025-02-04 20:30:00,4,50.975,-114.11,G07_07,staged
2025-02-04 20:30:00,5,50.957,-114.026,G06_10,staged
2025-02-04 20:30:00,6,51.16566,-114.07736,G18_08,returning
2025-02-04 20:35:00,1,51.047,-114.082,G11_08,staged
2025-02-04 20:35:00,2,51.101,-114.138,G14_06,staged
2025-02-04 20:35:00,3,51.03546,-113.96871,G10_12,returning
2025-02-04 20:35:00,4,50.975,-114.11,G07_07,staged
2025-02-04 20:35:00,5,50.957,-114.026,G06_10,staged
2025-02-04 20:35:00,6,51.155,-114.082,G17_08,staged
2025-02-04 20:40:00,1,51.047,-114.082,G11_08,staged
2025-02-04 20:40:00,2,51.101,-114.138,G14_06,staged
2025-02-04 20:40:00,3,51.05852,-113.96933,G12_12,returning
2025-02-04 20:40:00,4,50.975,-114.11,G07_07,staged
2025-02-04 20:40:00,5,50.957,-114.026,G06_10,staged
2025-02-04 20:40:00,6,51.155,-114.082,G17_08,staged
2025-02-04 20:45:00,1,51.047,-114.082,G11_08,staged
2025-02-04 20:45:00,2,51.101,-114.138,G14_06,staged
2025-02-04 20:45:00,3,51.08158,-113.96996,G13_12,returning
2025-02-04 20:45:00,4,50.975,-114.11,G07_07,staged
2025-02-04 20:45:00,5,50.957,-114.026,G06_10,staged
2025-02-04 20:45:00,6,51.155,-114.082,G17_08,staged
2025-02-04 20:50:00,1,51.047,-114.082,G11_08,staged
2025-02-04 20:50:00,2,51.101,-114.138,G14_06,staged
2025-02-04 20:50:00,3,51.083,-113.97,G13_12,staged
2025-02-04 20:50:00,4,50.975,-114.11,G07_07,staged
2025-02-04 20:50:00,5,50.957,-114.026,G06_10,staged
2025-02-04 20:50:00,6,51.155,-114.082,G17_08,staged
2025-02-04 20:55:00,1,51.047,-114.082,G11_08,staged
2025-02-04 20:55:00,2,51.101,-114.138,G14_06,staged
2025-02-04 20:55:00,3,51.083,-113.97,G13_12,staged
2025-02-04 20:55:00,4,50.975,-114.11,G07_07,staged
2025-02-04 20:55:00,5,50.957,-114.026,G06_10,staged
2025-02-04 20:55:00,6,51.155,-114.082,G17_08,staged
2025-02-04 21:00:00,1,51.047,-114.082,G11_08,staged
2025-02-04 21:00:00,2,51.101,-114.138,G14_06,staged
2025-02-04 21:00:00,3,51.083,-113.97,G13_12,staged
2025-02-04 21:00:00,4,50.975,-114.11,G07_07,staged
2025-02-04 21:00:00,5,50.957,-114.026,G06_10,staged
2025-02-04 21:00:00,6,51.155,-114.082,G17_08,staged
2025-02-04 21:05:00,1,51.047,-114.082,G11_08,staged
2025-02-04 21:05:00,2,51.101,-114.138,G14_06,staged
2025-02-04 21:05:00,3,51.083,-113.97,G13_12,staged
2025-02-04 21:05:00,4,50.975,-114.11,G07_07,staged
2025-02-04 21:05:00,5,50.957,-114.026,G06_10,staged
2025-02-04 21:05:00,6,51.155,-114.082,G17_08,staged
2025-02-04 21:10:00,1,51.047,-114.082,G11_08,staged
2025-02-04 21:10:00,2,51.101,-114.138,G14_06,staged
2025-02-04 21:10:00,3,51.083,-113.97,G13_12,staged
2025-02-04 21:10:00,4,50.975,-114.11,G07_07,staged
2025-02-04 21:10:00,5,50.957,-114.026,G06_10,staged
2025-02-04 21:10:00,6,51.155,-114.082,G17_08,staged
2025-02-04 21:15:00,1,51.047,-114.082,G11_08,staged
2025-02-04 21:15:00,2,51.101,-114.138,G14_06,staged
2025-02-04 21:15:00,3,51.083,-113.97,G13_12,staged
2025-02-04 21:15:00,4,50.975,-114.11,G07_07,staged
2025-02-04 21:15:00,5,50.957,-114.026,G06_10,staged
2025-02-04 21:15:00,6,51.155,-114.082,G17_08,staged
2025-02-04 21:20:00,1,51.047,-114.082,G11_08,staged
2025-02-04 21:20:00,2,51.101,-114.138,G14_06,staged
2025-02-04 21:20:00,3,51.083,-113.97,G13_12,staged
2025-02-04 21:20:00,4,50.975,-114.11,G07_07,staged
2025-02-04 21:20:00,5,50.957,-114.026,G06_10,staged
2025-02-04 21:20:00,6,51.155,-114.082,G17_08,staged
2025-02-04 21:25:00,1,51.047,-114.082,G11_08,staged
2025-02-04 21:25:00,2,51.101,-114.138,G14_06,staged
2025-02-04 21:25:00,3,51.083,-113.97,G13_12,staged
2025-02-04 21:25:00,4,50.975,-114.11,G07_07,staged
2025-02-04 21:25:00,5,50.957,-114.026,G06_10,staged
2025-02-04 21:25:00,6,51.155,-114.082,G17_08,staged
2025-02-04 21:30:00,1,51.047,-114.082,G11_08,staged
2025-02-04 21:30:00,2,51.101,-114.138,G14_06,staged
2025-02-04 21:30:00,3,51.083,-113.97,G13_12,staged
2025-02-04 21:30:00,4,50.975,-114.11,G07_07,staged
2025-02-04 21:30:00,5,50.957,-114.026,G06_10,staged
2025-02-04 21:30:00,6,51.155,-114.082,G17_08,staged
2025-02-04 21:35:00,1,51.047,-114.082,G11_08,staged
2025-02-04 21:35:00,2,51.101,-114.138,G14_06,staged
2025-02-04 21:35:00,3,51.083,-113.97,G13_12,staged
2025-02-04 21:35:00,4,50.975,-114.11,G07_07,staged
2025-02-04 21:35:00,5,50.957,-114.026,G06_10,staged
2025-02-04 21:35:00,6,51.155,-114.082,G17_08,staged
2025-02-04 21:40:00,1,51.047,-114.082,G11_08,staged
2025-02-04 21:40:00,2,51.101,-114.138,G14_06,staged
2025-02-04 21:40:00,3,51.083,-113.97,G13_12,staged
2025-02-04 21:40:00,4,50.975,-114.11,G07_07,staged
2025-02-04 21:40:00,5,50.957,-114.026,G06_10,staged
2025-02-04 21:40:00,6,51.155,-114.082,G17_08,staged
2025-02-04 21:45:00,1,51.047,-114.082,G11_08,staged
2025-02-04 21:45:00,2,51.101,-114.138,G14_06,staged
2025-02-04 21:45:00,3,51.083,-113.97,G13_12,staged
2025-02-04 21:45:00,4,50.975,-114.11,G07_07,staged
2025-02-04 21:45:00,5,50.957,-114.026,G06_10,staged
2025-02-04 21:45:00,6,51.155,-114.082,G17_08,staged
2025-02-04 21:50:00,1,51.047,-114.082,G11_08,staged
2025-02-04 21:50:00,2,51.101,-114.138,G14_06,staged
2025-02-04 21:50:00,3,51.083,-113.97,G13_12,staged
2025-02-04 21:50:00,4,50.975,-114.11,G07_07,staged
2025-02-04 21:50:00,5,50.957,-114.026,G06_10,staged
2025-02-04 21:50:00,6,51.155,-114.082,G17_08,staged
2025-02-04 21:55:00,1,51.047,-114.082,G11_08,staged
2025-02-04 21:55:00,2,51.101,-114.138,G14_06,staged
2025-02-04 21:55:00,3,51.083,-113.97,G13_12,staged
2025-02-04 21:55:00,4,50.975,-114.11,G07_07,staged
2025-02-04 21:55:00,5,50.957,-114.026,G06_10,staged
2025-02-04 21:55:00,6,51.155,-114.082,G17_08,staged
2025-02-04 22:00:00,1,51.047,-114.082,G11_08,staged
2025-02-04 22:00:00,2,51.101,-114.138,G14_06,staged
2025-02-04 22:00:00,3,51.083,-113.97,G13_12,staged
2025-02-04 22:00:00,4,50.975,-114.11,G07_07,staged
2025-02-04 22:00:00,5,50.957,-114.026,G06_10,staged
2025-02-04 22:00:00,6,51.155,-114.082,G17_08,staged
2025-02-04 22:05:00,1,51.04384,-114.08139,G11_08,on_scene
2025-02-04 22:05:00,2,51.10193,-114.15876,G14_05,responding
2025-02-04 22:05:00,3,51.083,-113.97,G13_12,staged
2025-02-04 22:05:00,4,50.975,-114.11,G07_07,staged
2025-02-04 22:05:00,5,50.957,-114.026,G06_10,staged
2025-02-04 22:05:00,6,51.155,-114.082,G17_08,staged
2025-02-04 22:10:00,1,51.04384,-114.08139,G11_08,on_scene
2025-02-04 22:10:00,2,51.10356,-114.19539,G15_04,responding
2025-02-04 22:10:00,3,51.083,-113.97,G13_12,staged
2025-02-04 22:10:00,4,50.975,-114.11,G07_07,staged
2025-02-04 22:10:00,5,50.957,-114.026,G06_10,staged
2025-02-04 22:10:00,6,51.155,-114.082,G17_08,staged
2025-02-04 22:15:00,1,51.04384,-114.08139,G11_08,on_scene
2025-02-04 22:15:00,2,51.10454,-114.2173,G14_03,on_scene
2025-02-04 22:15:00,3,51.083,-113.97,G13_12,staged
2025-02-04 22:15:00,4,50.975,-114.11,G07_07,staged
2025-02-04 22:15:00,5,50.957,-114.026,G06_10,staged
2025-02-04 22:15:00,6,51.155,-114.082,G17_08,staged
2025-02-04 22:20:00,1,51.04384,-114.08139,G11_08,on_scene
2025-02-04 22:20:00,2,51.10454,-114.2173,G14_03,on_scene
2025-02-04 22:20:00,3,51.083,-113.97,G13_12,staged
2025-02-04 22:20:00,4,50.975,-114.11,G07_07,staged
2025-02-04 22:20:00,5,50.957,-114.026,G06_10,staged
2025-02-04 22:20:00,6,51.155,-114.082,G17_08,staged
2025-02-04 22:25:00,1,51.04384,-114.08139,G11_08,on_scene
2025-02-04 22:25:00,2,51.10454,-114.2173,G14_03,on_scene
2025-02-04 22:25:00,3,51.083,-113.97,G13_12,staged
2025-02-04 22:25:00,4,50.975,-114.11,G07_07,staged
2025-02-04 22:25:00,5,50.957,-114.026,G06_10,staged
2025-02-04 22:25:00,6,51.155,-114.082,G17_08,staged
2025-02-04 22:30:00,1,51.04384,-114.08139,G11_08,on_scene
2025-02-04 22:30:00,2,51.10454,-114.2173,G14_03,on_scene
2025-02-04 22:30:00,3,51.083,-113.97,G13_12,staged
2025-02-04 22:30:00,4,50.975,-114.11,G07_07,staged
2025-02-04 22:30:00,5,50.957,-114.026,G06_10,staged
2025-02-04 22:30:00,6,51.155,-114.082,G17_08,staged
2025-02-04 22:35:00,1,51.04419,-114.08146,G11_08,returning
2025-02-04 22:35:00,2,51.10454,-114.2173,G14_03,on_scene
2025-02-04 22:35:00,3,51.083,-113.97,G13_12,staged
2025-02-04 22:35:00,4,50.975,-114.11,G07_07,staged
2025-02-04 22:35:00,5,50.957,-114.026,G06_10,staged
2025-02-04 22:35:00,6,51.155,-114.082,G17_08,staged
2025-02-04 22:40:00,1,51.047,-114.082,G11_08,staged
2025-02-04 22:40:00,2,51.10454,-114.2173,G14_03,on_scene
2025-02-04 22:40:00,3,51.083,-113.97,G13_12,staged
2025-02-04 22:40:00,4,50.975,-114.11,G07_07,staged
2025-02-04 22:40:00,5,50.957,-114.026,G06_10,staged
2025-02-04 22:40:00,6,51.155,-114.082,G17_08,staged
2025-02-04 22:45:00,1,51.047,-114.082,G11_08,staged
2025-02-04 22:45:00,2,51.10388,-114.20258,G14_03,returning
2025-02-04 22:45:00,3,51.083,-113.97,G13_12,staged
2025-02-04 22:45:00,4,50.975,-114.11,G07_07,staged
2025-02-04 22:45:00,5,50.957,-114.026,G06_10,staged
2025-02-04 22:45:00,6,51.155,-114.082,G17_08,staged
2025-02-04 22:50:00,1,51.047,-114.082,G11_08,staged
2025-02-04 22:50:00,2,51.10225,-114.16595,G14_05,returning
2025-02-04 22:50:00,3,51.083,-113.97,G13_12,staged
2025-02-04 22:50:00,4,50.975,-114.11,G07_07,staged
2025-02-04 22:50:00,5,50.957,-114.026,G06_10,staged
2025-02-04 22:50:00,6,51.155,-114.082,G17_08,staged
2025-02-04 22:55:00,1,51.047,-114.082,G11_08,staged
2025-02-04 22:55:00,2,51.101,-114.138,G14_06,staged
2025-02-04 22:55:00,3,51.083,-113.97,G13_12,staged
2025-02-04 22:55:00,4,50.975,-114.11,G07_07,staged
2025-02-04 22:55:00,5,50.957,-114.026,G06_10,staged
2025-02-04 22:55:00,6,51.155,-114.082,G17_08,staged
2025-02-04 23:00:00,1,51.047,-114.082,G11_08,staged
2025-02-04 23:00:00,2,51.101,-114.138,G14_06,staged
2025-02-04 23:00:00,3,51.083,-113.97,G13_12,staged
2025-02-04 23:00:00,4,50.975,-114.11,G07_07,staged
2025-02-04 23:00:00,5,50.957,-114.026,G06_10,staged
2025-02-04 23:00:00,6,51.155,-114.082,G17_08,staged
2025-02-04 23:05:00,1,51.047,-114.082,G11_08,staged
2025-02-04 23:05:00,2,51.101,-114.138,G14_06,staged
2025-02-04 23:05:00,3,51.083,-113.97,G13_12,staged
2025-02-04 23:05:00,4,50.975,-114.11,G07_07,staged
2025-02-04 23:05:00,5,50.957,-114.026,G06_10,staged
2025-02-04 23:05:00,6,51.155,-114.082,G17_08,staged
2025-02-04 23:10:00,1,51.047,-114.082,G11_08,staged
2025-02-04 23:10:00,2,51.101,-114.138,G14_06,staged
2025-02-04 23:10:00,3,51.083,-113.97,G13_12,staged
2025-02-04 23:10:00,4,50.975,-114.11,G07_07,staged
2025-02-04 23:10:00,5,50.957,-114.026,G06_10,staged
2025-02-04 23:10:00,6,51.155,-114.082,G17_08,staged
2025-02-04 23:15:00,1,51.047,-114.082,G11_08,staged
2025-02-04 23:15:00,2,51.101,-114.138,G14_06,staged
2025-02-04 23:15:00,3,51.083,-113.97,G13_12,staged
2025-02-04 23:15:00,4,50.975,-114.11,G07_07,staged
2025-02-04 23:15:00,5,50.957,-114.026,G06_10,staged
2025-02-04 23:15:00,6,51.155,-114.082,G17_08,staged
2025-02-04 23:20:00,1,51.047,-114.082,G11_08,staged
2025-02-04 23:20:00,2,51.101,-114.138,G14_06,staged
2025-02-04 23:20:00,3,51.083,-113.97,G13_12,staged
2025-02-04 23:20:00,4,50.975,-114.11,G07_07,staged
2025-02-04 23:20:00,5,50.957,-114.026,G06_10,staged
2025-02-04 23:20:00,6,51.155,-114.082,G17_08,staged
2025-02-04 23:25:00,1,51.047,-114.082,G11_08,staged
2025-02-04 23:25:00,2,51.101,-114.138,G14_06,staged
2025-02-04 23:25:00,3,51.083,-113.97,G13_12,staged
2025-02-04 23:25:00,4,50.975,-114.11,G07_07,staged
2025-02-04 23:25:00,5,50.957,-114.026,G06_10,staged
2025-02-04 23:25:00,6,51.155,-114.082,G17_08,staged
2025-02-04 23:30:00,1,51.047,-114.082,G11_08,staged
2025-02-04 23:30:00,2,51.101,-114.138,G14_06,staged
2025-02-04 23:30:00,3,51.083,-113.97,G13_12,staged
2025-02-04 23:30:00,4,50.975,-114.11,G07_07,staged
2025-02-04 23:30:00,5,50.957,-114.026,G06_10,staged
2025-02-04 23:30:00,6,51.155,-114.082,G17_08,staged
2025-02-04 23:35:00,1,51.047,-114.082,G11_08,staged
2025-02-04 23:35:00,2,51.101,-114.138,G14_06,staged
2025-02-04 23:35:00,3,51.083,-113.97,G13_12,staged
2025-02-04 23:35:00,4,50.975,-114.11,G07_07,staged
2025-02-04 23:35:00,5,50.957,-114.026,G06_10,staged
2025-02-04 23:35:00,6,51.155,-114.082,G17_08,staged
2025-02-04 23:40:00,1,51.047,-114.082,G11_08,staged
2025-02-04 23:40:00,2,51.101,-114.138,G14_06,staged
2025-02-04 23:40:00,3,51.083,-113.97,G13_12,staged
2025-02-04 23:40:00,4,50.975,-114.11,G07_07,staged
2025-02-04 23:40:00,5,50.957,-114.026,G06_10,staged
2025-02-04 23:40:00,6,51.155,-114.082,G17_08,staged
2025-02-04 23:45:00,1,51.047,-114.082,G11_08,staged
2025-02-04 23:45:00,2,51.101,-114.138,G14_06,staged
2025-02-04 23:45:00,3,51.083,-113.97,G13_12,staged
2025-02-04 23:45:00,4,50.975,-114.11,G07_07,staged
2025-02-04 23:45:00,5,50.957,-114.026,G06_10,staged
2025-02-04 23:45:00,6,51.155,-114.082,G17_08,staged
2025-02-04 23:50:00,1,51.047,-114.082,G11_08,staged
2025-02-04 23:50:00,2,51.101,-114.138,G14_06,staged
2025-02-04 23:50:00,3,51.083,-113.97,G13_12,staged
2025-02-04 23:50:00,4,50.975,-114.11,G07_07,staged
2025-02-04 23:50:00,5,50.957,-114.026,G06_10,staged
2025-02-04 23:50:00,6,51.155,-114.082,G17_08,staged
2025-02-04 23:55:00,1,51.047,-114.082,G11_08,staged
2025-02-04 23:55:00,2,51.101,-114.138,G14_06,staged
2025-02-04 23:55:00,3,51.083,-113.97,G13_12,staged
2025-02-04 23:55:00,4,50.975,-114.11,G07_07,staged
2025-02-04 23:55:00,5,50.957,-114.026,G06_10,staged
2025-02-04 23:55:00,6,51.155,-114.082,G17_08,staged
