day,snow_hours,min_temp_c,missing_temperature_hours,storm_day,incident_count
2025-01-01,14,-15.5,0,True,45
2025-01-02,10,-19.1,0,True,37
2025-01-03,11,-17.9,0,True,29
2025-01-04,4,-15.7,0,True,8
2025-01-05,0,-18.6,0,False,13
2025-01-06,0,-14.3,0,False,19
2025-01-07,0,-8.4,0,False,22
2025-01-08,0,1.7,0,False,26
2025-01-09,0,-6.8,0,False,32
2025-01-10,0,-3.2,0,False,24
2025-01-11,5,0.7,0,True,11
2025-01-12,6,-1.8,0,True,8
2025-01-13,0,-5.8,0,False,19
2025-01-14,0,-5.8,0,False,15
2025-01-15,0,0.6,0,False,26
2025-01-16,2,-0.5,0,True,25
2025-01-17,4,-10.4,0,True,29
2025-01-18,11,-19.2,0,True,28
2025-01-19,4,-18.0,0,True,16
2025-01-20,0,-20.0,0,False,0
2025-01-21,0,-6.0,0,False,12
2025-01-22,2,-4.1,0,True,14
2025-01-23,0,-8.8,0,False,11
2025-01-24,1,-4.2,0,True,25
2025-01-25,0,-8.0,0,False,13
2025-01-26,0,-5.8,0,False,9
2025-01-27,0,-3.4,0,False,14
2025-01-28,0,0.5,0,False,10
2025-01-29,0,-2.7,0,False,14
2025-01-30,0,-5.3,0,False,24
2025-01-31,1,-8.0,0,True,30
2025-02-01,13,-18.1,1,True,38
2025-02-02,5,-25.2,0,True,23
2025-02-03,9,-28.0,0,True,50
2025-02-04,20,-25.6,0,True,77
2025-02-05,14,-25.4,0,True,68
2025-02-06,1,-26.1,0,True,40
2025-02-07,0,-22.0,0,False,27
2025-02-08,0,-16.3,0,False,16
2025-02-09,16,-16.7,0,True,14
2025-02-10,7,-25.7,0,True,32
2025-02-11,2,-19.7,0,True,22
2025-02-12,0,-18.5,0,False,28
2025-02-13,8,-16.6,0,True,21
2025-02-14,22,-20.2,0,True,52
2025-02-15,5,-26.1,0,True,36
2025-02-16,5,-25.0,0,True,11
2025-02-17,0,-27.8,0,False,14
2025-02-18,4,-26.4,0,True,37
2025-02-19,0,-27.0,0,False,40
2025-02-20,0,-19.0,0,False,21
2025-02-21,0,-1.4,0,False,15
2025-02-22,0,0.5,0,False,21
2025-02-23,0,3.5,0,False,16
2025-02-24,0,0.9,0,False,23
2025-02-25,0,1.4,0,False,21
2025-02-26,0,-1.2,1,False,17
2025-02-27,0,2.0,0,False,17
2025-02-28,0,-2.8,0,False,19
2025-03-01,0,-2.1,0,False,14
2025-03-02,0,-2.3,0,False,11
2025-03-03,10,-0.6,0,True,24
2025-03-04,1,-7.9,0,True,17
2025-03-05,0,-2.3,1,False,21
2025-03-06,2,-4.5,0,True,22
2025-03-07,0,-1.8,0,False,11
2025-03-08,0,4.6,0,False,8
2025-03-09,0,-2.5,0,False,7
2025-03-10,7,-5.2,0,True,24
2025-03-11,0,-4.9,0,False,22
2025-03-12,0,-3.1,0,False,19
2025-03-13,4,-3.6,0,True,24
2025-03-14,9,-10.5,0,True,19
2025-03-15,18,-12.1,0,True,12
2025-03-16,14,-10.6,0,True,7
2025-03-17,9,-10.2,0,True,11
2025-03-18,5,-4.7,0,True,25
2025-03-19,0,-4.5,0,False,19
2025-03-20,0,-2.4,0,False,11
2025-03-21,0,-2.8,0,False,23
2025-03-22,0,-5.2,0,False,17
2025-03-23,0,-2.4,0,False,10
2025-03-24,0,-2.2,0,False,11
2025-03-25,0,-3.5,0,False,17
2025-03-26,0,2.2,0,False,22
2025-03-27,0,-1.3,0,False,16
2025-03-28,10,-6.9,0,True,16
2025-03-29,20,-6.8,0,True,45
2025-03-30,3,-5.8,0,True,15
2025-03-31,0,-2.4,0,False,17
2025-04-01,0,-1.8,0,False,23
2025-04-02,17,-5.0,0,True,41
2025-04-03,4,-6.0,0,True,27
2025-04-04,0,-5.5,0,False,15
2025-04-05,0,-0.6,0,False,16
2025-04-06,0,5.2,0,False,10
2025-04-07,0,4.7,1,False,18
2025-04-08,0,2.7,0,False,19
2025-04-09,0,1.3,0,False,14
2025-04-10,0,1.1,0,False,20
2025-04-11,0,5.3,0,False,12
2025-04-12,1,0.2,0,True,18
2025-04-13,2,-2.6,0,True,12
2025-04-14,0,-3.5,0,False,14
2025-04-15,0,6.6,0,False,16
2025-04-16,0,0.1,0,False,14
2025-04-17,1,-2.5,0,True,16
2025-04-18,0,-4.4,0,False,16
2025-04-19,0,7.1,0,False,18
2025-04-20,0,-0.1,0,False,4
2025-04-21,10,0.8,0,True,17
2025-04-22,9,-1.8,0,True,44
2025-04-23,0,-2.2,0,False,12
2025-04-24,0,-2.5,0,False,12
2025-04-25,0,1.8,0,False,19
2025-04-26,0,2.7,0,False,15
2025-04-27,1,2.3,0,True,11
2025-04-28,0,0.2,0,False,18
2025-04-29,0,8.6,0,False,23
2025-04-30,0,5.0,0,False,25
2025-05-01,0,2.7,0,False,24
2025-05-02,0,5.7,0,False,20
2025-05-03,0,8.6,0,False,12
2025-05-04,0,4.0,0,False,12
2025-05-05,0,2.1,0,False,21
2025-05-06,0,2.1,0,False,27
2025-05-07,0,3.1,0,False,26
2025-05-08,0,7.8,0,False,14
2025-05-09,0,7.3,0,False,19
2025-05-10,0,4.6,0,False,18
2025-05-11,0,7.9,0,False,22
2025-05-12,0,7.5,0,False,14
2025-05-13,0,4.4,0,False,26
2025-05-14,0,5.5,0,False,30
2025-05-15,0,3.8,1,False,24
2025-05-16,0,4.7,0,False,14
2025-05-17,0,5.4,0,False,12
2025-05-18,0,5.2,0,False,19
2025-05-19,1,2.8,0,True,8
2025-05-20,0,6.2,0,False,12
2025-05-21,1,5.1,0,True,0
2025-05-22,0,3.0,1,False,0
2025-05-23,0,6.7,0,False,1
2025-05-24,0,5.6,0,False,0
2025-05-25,0,8.0,0,False,0
2025-05-26,0,9.8,0,False,0
2025-05-27,0,12.7,0,False,0
2025-05-28,0,10.0,0,False,2
2025-05-29,0,11.9,0,False,0
2025-05-30,0,10.3,0,False,0
2025-05-31,0,14.4,0,False,0
2025-06-01,0,5.8,0,False,0
2025-06-02,0,5.6,0,False,0
2025-06-03,0,8.4,0,False,0
2025-06-04,0,6.6,0,False,0
2025-06-05,0,8.2,0,False,0
2025-06-06,0,14.8,0,False,0
2025-06-07,0,11.3,0,False,0
2025-06-08,0,7.8,0,False,0
2025-06-09,0,14.6,0,False,0
2025-06-10,0,8.4,0,False,0
2025-06-11,0,10.9,0,False,0
2025-06-12,0,11.7,0,False,0
2025-06-13,0,11.9,0,False,0
2025-06-14,0,9.7,0,False,0
2025-06-15,0,9.2,0,False,0
2025-06-16,0,7.6,0,False,0
2025-06-17,1,12.7,0,True,0
2025-06-18,0,9.6,0,False,0
2025-06-19,0,9.3,0,False,0
2025-06-20,0,11.2,0,False,0
2025-06-21,0,6.4,0,False,0
2025-06-22,0,4.7,0,False,0
2025-06-23,0,5.3,0,False,0
2025-06-24,0,6.5,0,False,0
2025-06-25,0,11.3,0,False,0
2025-06-26,0,12.4,0,False,0
2025-06-27,0,11.7,0,False,0
2025-06-28,0,9.9,0,False,0
2025-06-29,0,10.5,0,False,0
2025-06-30,0,11.8,0,False,0
2025-07-01,0,13.6,0,False,0
2025-07-02,0,15.2,0,False,13
2025-07-03,0,13.2,0,False,18
2025-07-04,0,10.2,0,False,10
2025-07-05,0,13.6,0,False,13
2025-07-06,0,11.7,0,False,20
2025-07-07,0,10.4,0,False,31
2025-07-08,0,16.2,0,False,30
2025-07-09,0,18.8,0,False,37
2025-07-10,0,8.7,0,False,12
2025-07-11,0,7.5,0,False,22
2025-07-12,0,15.1,0,False,20
2025-07-13,0,14.5,0,False,27
2025-07-14,1,12.0,0,True,29
2025-07-15,0,10.0,0,False,35
2025-07-16,0,7.2,0,False,28
2025-07-17,0,10.6,0,False,22
2025-07-18,0,8.8,0,False,10
2025-07-19,0,10.9,0,False,14
2025-07-20,0,12.5,0,False,13
2025-07-21,0,12.7,0,False,20
2025-07-22,0,7.5,0,False,26
2025-07-23,0,8.6,0,False,15
2025-07-24,0,13.9,0,False,29
2025-07-25,0,12.8,0,False,25
2025-07-26,0,10.6,0,False,12
2025-07-27,0,11.8,0,False,14
2025-07-28,0,11.5,0,False,23
2025-07-29,0,9.6,0,False,21
2025-07-30,0,12.9,0,False,26
2025-07-31,0,13.9,0,False,14
2025-08-01,0,14.0,0,False,24
2025-08-02,0,15.9,0,False,10
2025-08-03,0,14.3,0,False,10
2025-08-04,0,13.3,0,False,11
2025-08-05,0,10.6,1,False,21
2025-08-06,0,13.2,0,False,23
2025-08-07,0,12.5,0,False,20
2025-08-08,0,11.4,0,False,17
2025-08-09,0,11.8,0,False,12
2025-08-10,0,14.6,0,False,18
2025-08-11,0,15.1,0,False,25
2025-08-12,0,13.9,0,False,19
2025-08-13,0,13.3,0,False,30
2025-08-14,0,9.2,0,False,17
2025-08-15,0,10.9,0,False,27
2025-08-16,0,15.3,0,False,17
2025-08-17,0,11.4,0,False,14
2025-08-18,0,11.1,0,False,18
2025-08-19,0,10.9,0,False,17
2025-08-20,0,12.3,0,False,20
2025-08-21,0,6.8,0,False,22
2025-08-22,0,9.4,0,False,21
2025-08-23,0,9.2,0,False,18
2025-08-24,0,10.9,0,False,21
2025-08-25,0,11.2,0,False,18
2025-08-26,0,11.9,0,False,23
2025-08-27,0,11.8,0,False,30
2025-08-28,0,11.5,0,False,22
2025-08-29,0,11.3,0,False,13
2025-08-30,0,10.8,0,False,19
2025-08-31,0,10.9,0,False,16
2025-09-01,0,10.8,0,False,11
2025-09-02,0,11.4,0,False,16
2025-09-03,0,10.8,0,False,18
2025-09-04,0,12.4,0,False,17
2025-09-05,0,4.5,0,False,21
2025-09-06,0,8.0,0,False,13
2025-09-07,0,11.9,0,False,14
2025-09-08,0,15.3,0,False,27
2025-09-09,0,11.0,0,False,23
2025-09-10,0,11.2,0,False,23
2025-09-11,0,9.2,0,False,21
2025-09-12,0,10.1,0,False,25
2025-09-13,0,11.7,0,False,17
2025-09-14,0,10.8,0,False,10
2025-09-15,0,13.6,0,False,19
2025-09-16,0,9.5,0,False,37
2025-09-17,0,9.7,0,False,22
2025-09-18,0,9.0,0,False,26
2025-09-19,0,8.8,0,False,27
2025-09-20,0,9.1,0,False,10
2025-09-21,0,13.1,0,False,10
2025-09-22,0,9.5,0,False,23
2025-09-23,0,12.6,0,False,24
2025-09-24,0,7.7,0,False,28
2025-09-25,0,5.7,0,False,19
2025-09-26,0,7.3,0,False,26
2025-09-27,0,7.2,0,False,18
2025-09-28,0,5.0,0,False,12
2025-09-29,0,7.6,0,False,17
2025-09-30,0,10.4,0,False,31
2025-10-01,0,5.7,0,False,20
2025-10-02,0,8.4,0,False,25
2025-10-03,0,7.8,0,False,23
2025-10-04,0,5.3,0,False,14
2025-10-05,0,-0.8,0,False,8
2025-10-06,0,-1.0,0,False,27
2025-10-07,0,5.3,0,False,19
2025-10-08,0,4.1,0,False,21
2025-10-09,0,-0.6,0,False,30
2025-10-10,0,2.3,0,False,28
2025-10-11,0,6.3,0,False,16
2025-10-12,15,-1.6,0,True,8
2025-10-13,0,-5.7,0,False,14
2025-10-14,0,-5.6,0,False,25
2025-10-15,0,-3.5,0,False,19
2025-10-16,0,0.0,0,False,24
2025-10-17,0,2.2,0,False,20
2025-10-18,0,2.8,0,False,16
2025-10-19,0,2.9,0,False,22
2025-10-20,0,1.1,0,False,22
2025-10-21,0,1.8,0,False,27
2025-10-22,0,-2.4,0,False,30
2025-10-23,0,3.1,0,False,37
2025-10-24,0,6.6,0,False,23
2025-10-25,0,5.3,0,False,16
2025-10-26,0,1.2,0,False,13
2025-10-27,0,3.3,0,False,19
2025-10-28,0,-2.1,0,False,19
2025-10-29,0,1.9,0,False,24
2025-10-30,0,-1.6,0,False,24
2025-10-31,0,-4.9,0,False,24
2025-11-01,0,4.5,0,False,17
2025-11-02,1,-2.0,0,True,11
2025-11-03,0,-0.2,0,False,18
2025-11-04,0,-3.9,0,False,29
2025-11-05,0,-7.3,0,False,31
2025-11-06,0,1.8,0,False,36
2025-11-07,3,-2.4,0,True,23
2025-11-08,0,-2.5,0,False,28
2025-11-09,0,-3.2,0,False,23
2025-11-10,0,4.3,0,False,22
2025-11-11,0,-0.1,0,False,14
2025-11-12,0,1.0,0,False,19
2025-11-13,0,-2.4,0,False,25
2025-11-14,7,-1.9,0,True,18
2025-11-15,0,-3.4,0,False,31
2025-11-16,0,-1.2,0,False,13
2025-11-17,0,-0.1,0,False,35
2025-11-18,0,-4.4,0,False,27
2025-11-19,3,-5.2,0,True,30
2025-11-20,0,-6.8,1,False,30
2025-11-21,0,3.1,0,False,29
2025-11-22,0,-1.3,0,False,27
2025-11-23,0,-3.3,0,False,18
2025-11-24,19,-3.2,0,True,69
2025-11-25,0,-14.3,0,False,39
2025-11-26,0,-12.7,0,False,41
2025-11-27,0,-13.6,0,False,28
2025-11-28,18,-11.7,0,True,41
2025-11-29,1,-19.6,0,True,26
2025-11-30,0,-17.8,0,False,15
2025-12-01,0,-10.1,0,False,23
2025-12-02,6,-3.3,0,True,31
2025-12-03,7,-9.8,0,True,61
2025-12-04,0,-2.9,0,False,27
2025-12-05,3,-9.6,0,True,19
2025-12-06,12,-17.6,0,True,36
2025-12-07,0,-15.7,0,False,22
2025-12-08,0,-7.6,0,False,19
2025-12-09,1,-11.0,0,True,21
2025-12-10,0,-12.4,0,False,40
2025-12-11,6,-19.5,0,True,21
2025-12-12,5,-22.1,0,True,16
2025-12-13,6,-18.7,0,True,48
2025-12-14,0,-10.4,0,False,12
2025-12-15,0,-3.9,0,False,23
2025-12-16,0,-3.6,0,False,31
2025-12-17,7,-14.0,0,True,54
2025-12-18,0,-16.8,0,False,30
2025-12-19,3,-18.6,0,True,37
2025-12-20,0,-21.6,0,False,17
2025-12-21,0,-19.8,0,False,10
2025-12-22,3,-23.1,0,True,21
2025-12-23,0,-20.6,0,False,37
2025-12-24,14,-20.5,0,True,45
2025-12-25,5,-20.6,0,True,18
2025-12-26,13,-17.7,0,True,19
2025-12-27,19,-22.0,0,True,26
2025-12-28,0,-23.5,0,False,32
2025-12-29,0,-3.1,0,False,15
2025-12-30,0,-0.9,0,False,12
2025-12-31,0,-4.3,0,False,18
