zone_id,name,quadrant,lat,lon,n
G01_09,G01_09 (SW),SW,50.867000000000004,-114.05399999999999,22
G01_10,G01_10 (SE),SE,50.867000000000004,-114.026,18
G01_12,G01_12 (SE),SE,50.867000000000004,-113.97,21
G01_13,G01_13 (SE),SE,50.867000000000004,-113.942,8
G02_08,G02_08 (SW),SW,50.885000000000005,-114.082,19
G02_09,G02_09 (SW),SW,50.885000000000005,-114.05399999999999,21
G02_10,G02_10 (SE),SE,50.885000000000005,-114.026,41
G02_12,G02_12 (SE),SE,50.885000000000005,-113.97,22
G02_13,G02_13 (SE),SE,50.885000000000005,-113.942,24
G02_14,G02_14 (SE),SE,50.885000000000005,-113.91399999999999,5
G03_07,G03_07 (SW),SW,50.903000000000006,-114.11,25
G03_08,G03_08 (SW),SW,50.903000000000006,-114.082,26
G03_09,G03_09 (SE),SE,50.903000000000006,-114.05399999999999,42
G03_11,G03_11 (SE),SE,50.903000000000006,-113.99799999999999,21
G03_12,G03_12 (SE),SE,50.903000000000006,-113.97,45
G03_13,G03_13 (SE),SE,50.903000000000006,-113.942,35
G03_14,G03_14 (SE),SE,50.903000000000006,-113.91399999999999,9
G04_06,G04_06 (SW),SW,50.92100000000001,-114.13799999999999,15
G04_07,G04_07 (SW),SW,50.92100000000001,-114.11,11
G04_08,G04_08 (SW),SW,50.92100000000001,-114.082,33
G04_09,G04_09 (SE),SE,50.92100000000001,-114.05399999999999,17
G04_12,G04_12 (SE),SE,50.92100000000001,-113.97,43
G04_13,G04_13 (SE),SE,50.92100000000001,-113.942,15
G04_14,G04_14 (SE),SE,50.92100000000001,-113.91399999999999,6
G05_06,G05_06 (SW),SW,50.939,-114.13799999999999,9
G05_07,G05_07 (SW),SW,50.939,-114.11,9
G05_08,G05_08 (SE),SE,50.939,-114.082,38
G05_09,G05_09 (SE),SE,50.939,-114.05399999999999,15
G05_10,G05_10 (SE),SE,50.939,-114.026,22
G05_11,G05_11 (SE),SE,50.939,-113.99799999999999,14
G05_12,G05_12 (SE),SE,50.939,-113.97,48
G05_14,G05_14 (SE),SE,50.939,-113.91399999999999,9
G06_06,G06_06 (SW),SW,50.957,-114.13799999999999,9
G06_07,G06_07 (SW),SW,50.957,-114.11,25
G06_08,G06_08 (SW),SW,50.957,-114.082,91
G06_09,G06_09 (SE),SE,50.957,-114.05399999999999,24
G06_10,G06_10 (SE),SE,50.957,-114.026,87
G06_11,G06_11 (SE),SE,50.957,-113.99799999999999,17
G06_12,G06_12 (SE),SE,50.957,-113.97,32
G06_13,G06_13 (SE),SE,50.957,-113.942,7
G06_14,G06_14 (SE),SE,50.957,-113.91399999999999,7
G07_05,G07_05 (SW),SW,50.975,-114.166,6
G07_07,G07_07 (SW),SW,50.975,-114.11,11
G07_08,G07_08 (SW),SW,50.975,-114.082,70
G07_09,G07_09 (SE),SE,50.975,-114.05399999999999,30
G07_10,G07_10 (SE),SE,50.975,-114.026,41
G07_11,G07_11 (SE),SE,50.975,-113.99799999999999,16
G07_12,G07_12 (SE),SE,50.975,-113.97,36
G07_13,G07_13 (SE),SE,50.975,-113.942,25
G07_14,G07_14 (SE),SE,50.975,-113.91399999999999,12
G08_05,G08_05 (SW),SW,50.993,-114.166,11
G08_06,G08_06 (SW),SW,50.993,-114.13799999999999,5
G08_07,G08_07 (SW),SW,50.993,-114.11,152
G08_08,G08_08 (SW),SW,50.993,-114.082,134
G08_09,G08_09 (SE),SE,50.993,-114.05399999999999,132
G08_10,G08_10 (SE),SE,50.993,-114.026,125
G08_11,G08_11 (SE),SE,50.993,-113.99799999999999,18
G08_12,G08_12 (SE),SE,50.993,-113.97,40
G08_13,G08_13 (SE),SE,50.993,-113.942,7
G08_14,G08_14 (SE),SE,50.993,-113.91399999999999,14
G09_04,G09_04 (SW),SW,51.011,-114.19399999999999,12
G09_05,G09_05 (SW),SW,51.011,-114.166,46
G09_06,G09_06 (SW),SW,51.011,-114.13799999999999,53
G09_07,G09_07 (SW),SW,51.011,-114.11,39
G09_08,G09_08 (SW),SW,51.011,-114.082,32
G09_09,G09_09 (SE),SE,51.011,-114.05399999999999,51
G09_10,G09_10 (SE),SE,51.011,-114.026,61
G09_11,G09_11 (SE),SE,51.011,-113.99799999999999,78
G09_12,G09_12 (SE),SE,51.011,-113.97,26
G09_14,G09_14 (SE),SE,51.011,-113.91399999999999,21
G10_03,G10_03 (SW),SW,51.029,-114.222,15
G10_04,G10_04 (SW),SW,51.029,-114.19399999999999,12
G10_05,G10_05 (SW),SW,51.029,-114.166,19
G10_06,G10_06 (SW),SW,51.029,-114.13799999999999,39
G10_07,G10_07 (SW),SW,51.029,-114.11,65
G10_08,G10_08 (SW),SW,51.029,-114.082,64
G10_09,G10_09 (SE),SE,51.029,-114.05399999999999,61
G10_10,G10_10 (SE),SE,51.029,-114.026,42
G10_11,G10_11 (SE),SE,51.029,-113.99799999999999,91
G10_12,G10_12 (SE),SE,51.029,-113.97,61
G10_13,G10_13 (SE),SE,51.029,-113.942,24
G10_14,G10_14 (SE),SE,51.029,-113.91399999999999,34
G10_15,G10_15 (SE),SE,51.029,-113.886,11
G11_03,G11_03 (SW),SW,51.047000000000004,-114.222,22
G11_04,G11_04 (SW),SW,51.047000000000004,-114.19399999999999,12
G11_05,G11_05 (SW),SW,51.047000000000004,-114.166,32
G11_06,G11_06 (SW),SW,51.047000000000004,-114.13799999999999,18
G11_07,G11_07 (SW),SW,51.047000000000004,-114.11,91
G11_08,G11_08 (SW),SW,51.047000000000004,-114.082,224
G11_09,G11_09 (SE),SE,51.047000000000004,-114.05399999999999,243
G11_10,G11_10 (SE),SE,51.047000000000004,-114.026,139
G11_11,G11_11 (SE),SE,51.047000000000004,-113.99799999999999,80
G11_12,G11_12 (SE),SE,51.047000000000004,-113.97,79
G11_13,G11_13 (NE),NE,51.047000000000004,-113.942,36
G11_14,G11_14 (SE),SE,51.047000000000004,-113.91399999999999,14
G12_03,G12_03 (SW),SW,51.065000000000005,-114.222,15
G12_04,G12_04 (SW),SW,51.065000000000005,-114.19399999999999,6
G12_05,G12_05 (NW),NW,51.065000000000005,-114.166,14
G12_06,G12_06 (NW),NW,51.065000000000005,-114.13799999999999,47
G12_07,G12_07 (NW),NW,51.065000000000005,-114.11,80
G12_08,G12_08 (NW),NW,51.065000000000005,-114.082,67
G12_09,G12_09 (NE),NE,51.065000000000005,-114.05399999999999,74
G12_10,G12_10 (NE),NE,51.065000000000005,-114.026,149
G12_11,G12_11 (NE),NE,51.065000000000005,-113.99799999999999,77
G12_12,G12_12 (NE),NE,51.065000000000005,-113.97,108
G12_13,G12_13 (NE),NE,51.065000000000005,-113.942,51
G12_14,G12_14 (NE),NE,51.065000000000005,-113.91399999999999,22
G13_02,G13_02 (NW),NW,51.083000000000006,-114.25,12
G13_03,G13_03 (NW),NW,51.083000000000006,-114.222,23
G13_04,G13_04 (NW),NW,51.083000000000006,-114.19399999999999,22
G13_05,G13_05 (NW),NW,51.083000000000006,-114.166,41
G13_06,G13_06 (NW),NW,51.083000000000006,-114.13799999999999,35
G13_07,G13_07 (NW),NW,51.083000000000006,-114.11,42
G13_08,G13_08 (NW),NW,51.083000000000006,-114.082,31
G13_09,G13_09 (NE),NE,51.083000000000006,-114.05399999999999,35
G13_10,G13_10 (NE),NE,51.083000000000006,-114.026,82
G13_11,G13_11 (NE),NE,51.083000000000006,-113.99799999999999,71
G13_12,G13_12 (NE),NE,51.083000000000006,-113.97,95
G13_13,G13_13 (NE),NE,51.083000000000006,-113.942,46
G13_14,G13_14 (NE),NE,51.083000000000006,-113.91399999999999,16
G14_03,G14_03 (NW),NW,51.101000000000006,-114.222,45
G14_05,G14_05 (NW),NW,51.101000000000006,-114.166,27
G14_06,G14_06 (NW),NW,51.101000000000006,-114.13799999999999,41
G14_07,G14_07 (NW),NW,51.101000000000006,-114.11,20
G14_08,G14_08 (NW),NW,51.101000000000006,-114.082,33
G14_09,G14_09 (NE),NE,51.101000000000006,-114.05399999999999,102
G14_10,G14_10 (NE),NE,51.101000000000006,-114.026,45
G14_11,G14_11 (NE),NE,51.101000000000006,-113.99799999999999,33
G14_12,G14_12 (NE),NE,51.101000000000006,-113.97,67
G14_13,G14_13 (NE),NE,51.101000000000006,-113.942,43
G14_14,G14_14 (NE),NE,51.101000000000006,-113.91399999999999,29
G15_02,G15_02 (NW),NW,51.11900000000001,-114.25,9
G15_03,G15_03 (NW),NW,51.11900000000001,-114.222,22
G15_04,G15_04 (NW),NW,51.11900000000001,-114.19399999999999,42
G15_05,G15_05 (NW),NW,51.11900000000001,-114.166,23
G15_06,G15_06 (NW),NW,51.11900000000001,-114.13799999999999,15
G15_08,G15_08 (NW),NW,51.11900000000001,-114.082,32
G15_09,G15_09 (NE),NE,51.11900000000001,-114.05399999999999,114
G15_10,G15_10 (NE),NE,51.11900000000001,-114.026,5
G15_12,G15_12 (NE),NE,51.11900000000001,-113.97,30
G15_13,G15_13 (NE),NE,51.11900000000001,-113.942,72
G15_14,G15_14 (NE),NE,51.11900000000001,-113.91399999999999,15
G16_02,G16_02 (NW),NW,51.137,-114.25,26
G16_03,G16_03 (NW),NW,51.137,-114.222,30
G16_04,G16_04 (NW),NW,51.137,-114.19399999999999,29
G16_05,G16_05 (NW),NW,51.137,-114.166,14
G16_06,G16_06 (NW),NW,51.137,-114.13799999999999,13
G16_07,G16_07 (NW),NW,51.137,-114.11,23
G16_08,G16_08 (NW),NW,51.137,-114.082,38
G16_09,G16_09 (NE),NE,51.137,-114.05399999999999,16
G16_10,G16_10 (NE),NE,51.137,-114.026,34
G16_11,G16_11 (NE),NE,51.137,-113.99799999999999,11
G16_12,G16_12 (NE),NE,51.137,-113.97,69
G16_13,G16_13 (NE),NE,51.137,-113.942,60
G16_14,G16_14 (NE),NE,51.137,-113.91399999999999,15
G17_03,G17_03 (NW),NW,51.155,-114.222,27
G17_04,G17_04 (NW),NW,51.155,-114.19399999999999,12
G17_05,G17_05 (NW),NW,51.155,-114.166,64
G17_06,G17_06 (NW),NW,51.155,-114.13799999999999,35
G17_07,G17_07 (NW),NW,51.155,-114.11,30
G17_08,G17_08 (NW),NW,51.155,-114.082,22
G17_09,G17_09 (NE),NE,51.155,-114.05399999999999,32
G17_10,G17_10 (NE),NE,51.155,-114.026,41
G17_11,G17_11 (NE),NE,51.155,-113.99799999999999,29
G17_12,G17_12 (NE),NE,51.155,-113.97,49
G17_13,G17_13 (NE),NE,51.155,-113.942,35
G17_14,G17_14 (NE),NE,51.155,-113.91399999999999,11
G18_05,G18_05 (NW),NW,51.173,-114.166,26
G18_06,G18_06 (NW),NW,51.173,-114.13799999999999,27
G18_07,G18_07 (NW),NW,51.173,-114.11,18
G18_08,G18_08 (NW),NW,51.173,-114.082,32
G18_09,G18_09 (NE),NE,51.173,-114.05399999999999,11
G18_10,G18_10 (NE),NE,51.173,-114.026,24
G18_11,G18_11 (NE),NE,51.173,-113.99799999999999,36
G18_12,G18_12 (NE),NE,51.173,-113.97,31
G18_13,G18_13 (NE),NE,51.173,-113.942,16
G18_14,G18_14 (NE),NE,51.173,-113.91399999999999,6
G19_07,G19_07 (NW),NW,51.191,-114.11,7
G19_08,G19_08 (NE),NE,51.191,-114.082,21
