incident_id,time,lat,lon,response_min,unit_id
5884,2025-11-24 00:23:08,51.07136832810313,-113.98555665712622,2.5,4
5885,2025-11-24 01:08:09,51.05345863206516,-113.95569429136448,3.2,4
5886,2025-11-24 01:27:49,51.0769460582486,-114.05559823990552,7.4,1
5887,2025-11-24 03:45:48,50.988304560861856,-114.05370431646728,1.0,2
5888,2025-11-24 04:12:15,51.02932983606821,-114.03310659952773,7.7,1
5889,2025-11-24 04:12:15,51.02702158336823,-114.04216940518415,12.8,4
5890,2025-11-24 04:41:24,50.93145661089662,-114.02722349105365,7.4,6
5891,2025-11-24 11:32:34,51.165446536155976,-113.97155002978964,9.6,3
5892,2025-11-24 13:13:51,51.088502799707854,-114.26123174273128,11.3,5
5893,2025-11-24 13:16:31,51.0002150337151,-114.117726186204,8.8,2
5894,2025-11-24 13:27:21,50.94160728809377,-114.06969163534303,12.9,6
5895,2025-11-24 13:29:13,51.07599959489907,-113.98201890793348,2.9,4
5896,2025-11-24 13:32:10,51.0490980232501,-114.05539346473046,3.7,1
5897,2025-11-24 13:46:18,51.03937599229857,-114.16271356219023,19.5,2
5898,2025-11-24 13:55:46,50.99428798858904,-114.09228983430422,23.0,1
5899,2025-11-24 13:58:21,50.93115003425303,-114.03224788868116,17.5,6
5900,2025-11-24 14:01:38,51.1752478736889,-113.98875750361216,9.7,3
5901,2025-11-24 14:09:51,51.13644623089453,-113.92070993586744,16.9,4
5902,2025-11-24 14:25:58,51.10196080445835,-114.12505614046724,10.1,5
5903,2025-11-24 14:33:34,51.16813323782089,-114.13937524128691,28.3,3
5904,2025-11-24 14:48:31,51.01688237754552,-114.07828439951358,2.5,2
5905,2025-11-24 15:38:27,51.03052209230625,-114.05972789231068,4.7,1
5906,2025-11-24 15:57:45,51.00837971429074,-114.02472168307182,5.2,2
5907,2025-11-24 16:01:33,51.06704783699074,-114.2255015331559,12.1,5
5908,2025-11-24 16:34:23,51.06738599262929,-114.0285645441459,8.0,4
5909,2025-11-24 16:38:07,51.09147151430397,-113.95830827504268,13.5,3
5910,2025-11-24 16:42:08,50.90666403730148,-114.11053201611185,15.4,6
5911,2025-11-24 16:47:36,51.08017498046409,-114.17331152771412,5.8,5
5912,2025-11-24 17:25:27,51.10870464102996,-114.17327211824602,4.3,5
5913,2025-11-24 17:34:17,51.04680391310734,-114.1147191694473,4.5,1
5914,2025-11-24 17:53:38,50.98999003060615,-113.92186449912464,17.5,4
5915,2025-11-24 18:05:59,51.03596699930681,-113.99580899971956,12.2,2
5916,2025-11-24 18:07:26,51.167772031055485,-114.12148052237028,14.5,5
5917,2025-11-24 18:08:29,51.05599411613338,-114.02057677836405,13.2,1
5918,2025-11-24 18:11:01,50.89568402759609,-114.09315298340871,13.1,6
5919,2025-11-24 18:12:31,51.05263077668693,-114.22669379255588,32.9,3
5920,2025-11-24 18:14:02,50.95245937577455,-114.02093565652396,42.9,4
5921,2025-11-24 18:23:50,51.07262403519924,-113.93522551874806,35.9,2
5922,2025-11-24 18:33:15,51.12080613962239,-114.16658145370688,30.5,5
5923,2025-11-24 18:41:32,50.89865139923889,-114.06730091385192,16.2,6
5924,2025-11-24 18:43:30,51.17356433719888,-114.05742223709332,34.2,1
5925,2025-11-24 18:45:26,51.05664900295045,-114.13422894931182,42.6,3
5926,2025-11-24 18:46:50,51.06661971468895,-113.95560625365272,45.9,2
5927,2025-11-24 18:52:25,51.03782104023186,-114.1565895009662,59.4,5
5928,2025-11-24 18:59:27,51.01482598020835,-114.14116806562384,48.8,4
5929,2025-11-24 19:00:48,51.11434141335369,-114.04742307196068,59.8,1
5930,2025-11-24 19:10:14,50.99430664118079,-114.085620282036,38.4,6
5931,2025-11-24 19:17:11,51.066963178335854,-114.10211717757818,45.8,3
5932,2025-11-24 19:19:36,51.1072850161848,-114.13585024277198,69.2,2
5933,2025-11-24 19:41:26,50.92668016271959,-114.07105991782969,52.0,6
5934,2025-11-24 19:54:27,50.92064389521235,-113.97561522335909,54.2,4
5935,2025-11-24 20:00:33,51.04029623091201,-114.00707913291416,41.7,5
5936,2025-11-24 20:20:26,51.13113171397726,-113.92090677112328,27.8,1
5937,2025-11-24 20:30:29,51.046700511083046,-114.07034479254888,8.6,3
5938,2025-11-24 20:31:19,51.08663650238696,-114.03803231364503,41.6,2
5939,2025-11-24 20:34:16,51.06617669221036,-114.14416765884636,45.8,3
5940,2025-11-24 20:35:57,51.17615174760406,-114.01539843075597,58.4,1
5941,2025-11-24 20:35:58,50.92871298416805,-113.97564784771782,40.5,6
5942,2025-11-24 20:39:49,51.06684183873331,-114.01993213431632,38.4,5
5943,2025-11-24 20:50:41,51.0190608491152,-113.92235996137236,50.6,4
5944,2025-11-24 20:52:00,51.08840072371746,-114.26321497986804,74.9,3
5945,2025-11-24 20:55:15,50.91794150260142,-113.97551836288343,53.5,6
5946,2025-11-24 21:10:51,50.95594998745278,-113.92107755348948,64.6,2
5947,2025-11-24 21:57:29,51.09637408182263,-113.92649080823551,21.2,5
5948,2025-11-24 22:35:43,50.86328573950176,-113.95212914574992,10.7,6
5949,2025-11-24 23:06:59,51.13961053336693,-113.94684906414686,14.6,3
5950,2025-11-24 23:09:30,50.90833184066331,-113.97529021380866,17.1,6
5951,2025-11-24 23:24:42,51.03774857530176,-113.9816833865031,6.1,4
5952,2025-11-24 23:27:25,50.93747676721613,-114.04818085381665,12.1,2
