day,hour_utc,model,zone_mae,zone_mse,city_absolute_error,predicted_total,actual_total
2025-02-04,0,poisson,0.06457029605295786,0.06490522512252986,4.035783463840508,3.9642165361594928,8.0
2025-02-04,0,last_week,0.055865921787709494,0.0893854748603352,6.0,2.0,8.0
2025-02-04,1,poisson,0.03957435045375991,0.02817941258517734,1.1863701377149267,4.186370137714927,3.0
2025-02-04,1,last_week,0.0223463687150838,0.0335195530726257,2.0,1.0,3.0
2025-02-04,2,poisson,0.026994083100736487,0.006045645459936065,2.901454541699075,3.901454541699075,1.0
2025-02-04,2,last_week,0.01675977653631285,0.01675977653631285,1.0,2.0,1.0
2025-02-04,3,poisson,0.021795835428486454,0.0008473977876860312,3.901454541699075,3.901454541699075,0.0
2025-02-04,3,last_week,0.0111731843575419,0.0111731843575419,2.0,2.0,0.0
2025-02-04,4,poisson,0.020486420133196348,0.005759271519484257,1.7093078563916828,2.709307856391683,1.0
2025-02-04,4,last_week,0.0111731843575419,0.0111731843575419,0.0,1.0,1.0
2025-02-04,5,poisson,0.02303130363521536,0.011138960089372135,0.17591074078971136,2.1759107407897114,2.0
2025-02-04,5,last_week,0.0111731843575419,0.0111731843575419,2.0,0.0,2.0
2025-02-04,6,poisson,0.02297983176325523,0.011137969493709106,0.16646588731640533,2.1664658873164053,2.0
2025-02-04,6,last_week,0.0111731843575419,0.0111731843575419,2.0,0.0,2.0
2025-02-04,7,poisson,0.017581930296447734,0.005740068026901612,1.1664658873164053,2.1664658873164053,1.0
2025-02-04,7,last_week,0.00558659217877095,0.00558659217877095,1.0,0.0,1.0
2025-02-04,8,poisson,0.012103161381655896,0.0002612991121097812,2.1664658873164053,2.1664658873164053,0.0
2025-02-04,8,last_week,0.0,0.0,0.0,0.0,0.0
2025-02-04,9,poisson,0.012103161381655896,0.0002612991121097812,2.1664658873164053,2.1664658873164053,0.0
2025-02-04,9,last_week,0.0,0.0,0.0,0.0,0.0
2025-02-04,10,poisson,0.012103161381655896,0.0002612991121097812,2.1664658873164053,2.1664658873164053,0.0
2025-02-04,10,last_week,0.0,0.0,0.0,0.0,0.0
2025-02-04,11,poisson,0.04188654642639248,0.038077503797655204,2.342503263422771,2.657496736577229,5.0
2025-02-04,11,last_week,0.027932960893854747,0.03910614525139665,5.0,0.0,5.0
2025-02-04,12,poisson,0.06592199815566697,0.07572222536026245,3.8787031068378965,4.1212968931621035,8.0
2025-02-04,12,last_week,0.05027932960893855,0.08379888268156424,7.0,1.0,8.0
2025-02-04,13,poisson,0.12704324422368132,0.15406591012851567,14.088910580404992,4.911089419595009,19.0
2025-02-04,13,last_week,0.11173184357541899,0.16759776536312848,18.0,1.0,19.0
2025-02-04,14,poisson,0.12700546006992253,0.11559110578956858,11.748365202118396,6.251634797881604,18.0
2025-02-04,14,last_week,0.11173184357541899,0.1340782122905028,16.0,2.0,18.0
2025-02-04,15,poisson,0.1575478077993138,0.19547924656775478,19.974563424340374,5.025436575659624,25.0
2025-02-04,15,last_week,0.1452513966480447,0.2122905027932961,24.0,1.0,25.0
2025-02-04,16,poisson,0.1388618437535477,0.13097221082208485,15.572209265465887,5.4277907345341125,21.0
2025-02-04,16,last_week,0.12290502793296089,0.1452513966480447,20.0,1.0,21.0
2025-02-04,17,poisson,0.12340845370325046,0.12058540353001376,14.524319894890507,4.475680105109493,19.0
2025-02-04,17,last_week,0.10614525139664804,0.12849162011173185,19.0,0.0,19.0
2025-02-04,18,poisson,0.09168723284410905,0.07769700475117099,8.494133556135623,4.505866443864377,13.0
2025-02-04,18,last_week,0.07262569832402235,0.08379888268156424,13.0,0.0,13.0
2025-02-04,19,poisson,0.08000281347235032,0.07243308687033063,4.670587578059706,5.329412421940294,10.0
2025-02-04,19,last_week,0.0670391061452514,0.0893854748603352,8.0,2.0,10.0
2025-02-04,20,poisson,0.13261245214429412,0.1500993059341091,12.534360512799198,6.465639487200802,19.0
2025-02-04,20,last_week,0.12290502793296089,0.1787709497206704,16.0,3.0,19.0
2025-02-04,21,poisson,0.13986777941549036,0.14327761559005686,15.557617719512388,5.442382280487612,21.0
2025-02-04,21,last_week,0.13966480446927373,0.17318435754189945,17.0,4.0,21.0
2025-02-04,22,poisson,0.1450526253075781,0.14723397419549664,16.34912841715759,5.650871582842409,22.0
2025-02-04,22,last_week,0.13966480446927373,0.17318435754189945,19.0,3.0,22.0
2025-02-04,23,poisson,0.11921360189920882,0.12367121537450179,11.72000976086365,5.27999023913635,17.0
2025-02-04,23,last_week,0.11731843575418995,0.15083798882681565,13.0,4.0,17.0
2025-02-14,0,poisson,0.05213659318682843,0.013616925183117136,5.4408782792288655,7.4408782792288655,2.0
2025-02-14,0,last_week,0.0335195530726257,0.0335195530726257,2.0,4.0,2.0
2025-02-14,1,poisson,0.03198243068864151,0.006596264657731564,3.768282070227004,4.768282070227004,1.0
2025-02-14,1,last_week,0.01675977653631285,0.01675977653631285,1.0,2.0,1.0
2025-02-14,2,poisson,0.030129097535017454,0.011512689039022018,1.4496602664142597,3.4496602664142597,2.0
2025-02-14,2,last_week,0.027932960893854747,0.027932960893854747,1.0,3.0,2.0
2025-02-14,3,poisson,0.031791009851364106,0.01105099894986404,1.85930348400648,3.85930348400648,2.0
2025-02-14,3,last_week,0.0223463687150838,0.0335195530726257,0.0,2.0,2.0
2025-02-14,4,poisson,0.031435519290516155,0.011039205245304157,1.7927617451396443,3.7927617451396443,2.0
2025-02-14,4,last_week,0.027932960893854747,0.03910614525139665,1.0,3.0,2.0
2025-02-14,5,poisson,0.024367957173030422,0.005546979899946345,2.4889669552946554,3.4889669552946554,1.0
2025-02-14,5,last_week,0.01675977653631285,0.01675977653631285,1.0,2.0,1.0
2025-02-14,6,poisson,0.019764039206165086,0.0006893431909142404,3.5377630179035506,3.5377630179035506,0.0
2025-02-14,6,last_week,0.00558659217877095,0.00558659217877095,1.0,1.0,0.0
2025-02-14,7,poisson,0.015900341346906023,0.00044616651409792104,2.846161101096178,2.846161101096178,0.0
2025-02-14,7,last_week,0.0,0.0,0.0,0.0,0.0
2025-02-14,8,poisson,0.014246242369566483,0.0003581663111396301,2.5500773841524005,2.5500773841524005,0.0
2025-02-14,8,last_week,0.0,0.0,0.0,0.0,0.0
2025-02-14,9,poisson,0.009884416455853142,0.00017241940687820413,1.7693105455977123,1.7693105455977123,0.0
2025-02-14,9,last_week,0.0,0.0,0.0,0.0,0.0
2025-02-14,10,poisson,0.01614247549018493,0.00574607783465578,0.8964117164460019,1.896411716446002,1.0
2025-02-14,10,last_week,0.00558659217877095,0.00558659217877095,1.0,0.0,1.0
2025-02-14,11,poisson,0.020906647254643185,0.011271402602900075,0.2449226929155217,1.7550773070844783,2.0
2025-02-14,11,last_week,0.0111731843575419,0.0111731843575419,2.0,0.0,2.0
2025-02-14,12,poisson,0.05009466912968748,0.03911445934977442,0.8985814876769895,4.1014185123230105,5.0
2025-02-14,12,last_week,0.0335195530726257,0.0446927374301676,4.0,1.0,5.0
2025-02-14,13,poisson,0.07388948983164986,0.07657883745993083,2.3296560173002705,5.6703439826997295,8.0
2025-02-14,13,last_week,0.061452513966480445,0.09497206703910614,5.0,3.0,8.0
2025-02-14,14,poisson,0.09888036209017591,0.10267390730035972,3.353280534379044,7.646719465620956,11.0
2025-02-14,14,last_week,0.0893854748603352,0.1452513966480447,6.0,5.0,11.0
2025-02-14,15,poisson,0.12055057061920506,0.1099318513811155,10.898968142427426,6.101031857572574,17.0
2025-02-14,15,last_week,0.11173184357541899,0.1340782122905028,12.0,5.0,17.0
2025-02-14,16,poisson,0.11567376926259132,0.11163247783402298,12.179201471080296,4.820798528919704,17.0
2025-02-14,16,last_week,0.10614525139664804,0.12849162011173185,13.0,4.0,17.0
2025-02-14,17,poisson,0.11190733365190961,0.11207251498944491,12.980083127278242,4.019916872721757,17.0
2025-02-14,17,last_week,0.11173184357541899,0.1452513966480447,14.0,3.0,17.0
2025-02-14,18,poisson,0.06834597712884911,0.04693373798760525,5.0102752394851,3.9897247605148998,9.0
2025-02-14,18,last_week,0.07262569832402235,0.08379888268156424,5.0,4.0,9.0
2025-02-14,19,poisson,0.07164267465882616,0.051474341965932154,2.0883989254519983,5.911601074548002,8.0
2025-02-14,19,last_week,0.0670391061452514,0.0893854748603352,2.0,6.0,8.0
2025-02-14,20,poisson,0.06602617244797034,0.033880743016672,0.8762546466794152,6.123745353320585,7.0
2025-02-14,20,last_week,0.0782122905027933,0.0893854748603352,0.0,7.0,7.0
2025-02-14,21,poisson,0.12115086252534478,0.12502497201770238,9.853843302144007,7.146156697855993,17.0
2025-02-14,21,last_week,0.13966480446927373,0.20670391061452514,7.0,10.0,17.0
2025-02-14,22,poisson,0.126978851157191,0.15712858973926175,13.065684979512122,5.934315020487878,19.0
2025-02-14,22,last_week,0.1452513966480447,0.2346368715083799,12.0,7.0,19.0
2025-02-14,23,poisson,0.13682351610971275,0.16630899498927346,15.065684979512122,5.934315020487878,21.0
2025-02-14,23,last_week,0.15083798882681565,0.24022346368715083,15.0,6.0,21.0
2025-11-24,0,poisson,0.025589716324910375,0.016546287158544868,1.3525417746623418,1.6474582253376582,3.0
2025-11-24,0,last_week,0.061452513966480445,0.061452513966480445,5.0,8.0,3.0
2025-11-24,1,poisson,0.026989644699446515,0.016330217110372906,1.0518516867964012,1.9481483132035988,3.0
2025-11-24,1,last_week,0.0446927374301676,0.0446927374301676,2.0,5.0,3.0
2025-11-24,2,poisson,0.031019141955043357,0.021828742464396565,2.3252767920609,1.6747232079391,4.0
2025-11-24,2,last_week,0.05027932960893855,0.05027932960893855,1.0,5.0,4.0
2025-11-24,3,poisson,0.031779181463919046,0.021799164022811974,2.1785122256128693,1.8214877743871307,4.0
2025-11-24,3,last_week,0.05027932960893855,0.05027932960893855,1.0,5.0,4.0
2025-11-24,4,poisson,0.02740720082320802,0.01660976349530218,1.0260796747759013,1.9739203252240987,3.0
2025-11-24,4,last_week,0.03910614525139665,0.03910614525139665,1.0,4.0,3.0
2025-11-24,5,poisson,0.009954673008721254,0.00018746666172515683,1.7818864685611044,1.7818864685611044,0.0
2025-11-24,5,last_week,0.01675977653631285,0.01675977653631285,3.0,3.0,0.0
2025-11-24,6,poisson,0.0078080272112720775,0.00011533275981830948,1.3976368708177018,1.3976368708177018,0.0
2025-11-24,6,last_week,0.0,0.0,0.0,0.0,0.0
2025-11-24,7,poisson,0.007290549265714737,0.00010055196131947667,1.305008318562938,1.305008318562938,0.0
2025-11-24,7,last_week,0.0,0.0,0.0,0.0,0.0
2025-11-24,8,poisson,0.005920570208700324,6.6312762306845e-05,1.0597820673573581,1.0597820673573581,0.0
2025-11-24,8,last_week,0.0,0.0,0.0,0.0,0.0
2025-11-24,9,poisson,0.012803863187630755,0.005632037646154875,0.301663425054838,1.301663425054838,1.0
2025-11-24,9,last_week,0.00558659217877095,0.00558659217877095,1.0,0.0,1.0
2025-11-24,10,poisson,0.01484665729410295,0.005681229689375489,0.6700894367770316,1.6700894367770316,1.0
2025-11-24,10,last_week,0.00558659217877095,0.00558659217877095,1.0,0.0,1.0
2025-11-24,11,poisson,0.06397599798331656,0.04706172939214894,5.868721937620595,3.1312780623794048,9.0
2025-11-24,11,last_week,0.055865921787709494,0.055865921787709494,8.0,1.0,9.0
2025-11-24,12,poisson,0.09207094925857845,0.06740098101880515,8.356161571770869,4.643838428229131,13.0
2025-11-24,12,last_week,0.09497206703910614,0.09497206703910614,7.0,6.0,13.0
2025-11-24,13,poisson,0.10741051498753598,0.07645295874419783,9.089379128320505,5.910620871679495,15.0
2025-11-24,13,last_week,0.11731843575418995,0.12849162011173185,5.0,10.0,15.0
2025-11-24,14,poisson,0.091972416102896,0.06388023861882437,6.671417965073509,5.328582034926491,12.0
2025-11-24,14,last_week,0.12849162011173185,0.12849162011173185,1.0,13.0,12.0
2025-11-24,15,poisson,0.0779290951298859,0.053044019711833396,5.313445160240786,4.686554839759214,10.0
2025-11-24,15,last_week,0.10614525139664804,0.10614525139664804,1.0,9.0,10.0
2025-11-24,16,poisson,0.13857505916000903,0.12804940371779677,18.00298383396802,3.9970161660319796,22.0
2025-11-24,16,last_week,0.1452513966480447,0.1564245810055866,16.0,6.0,22.0
2025-11-24,17,poisson,0.14387917755817564,0.13242179236009563,18.823187870464245,4.1768121295357545,23.0
2025-11-24,17,last_week,0.1452513966480447,0.16759776536312848,20.0,3.0,23.0
2025-11-24,18,poisson,0.18481069299488234,0.21810894338660602,26.99164987706279,4.008350122937207,31.0
2025-11-24,18,last_week,0.19553072625698323,0.25139664804469275,27.0,4.0,31.0
2025-11-24,19,poisson,0.12396082395593017,0.13163066134536813,14.247735655270406,4.7522643447295945,19.0
2025-11-24,19,last_week,0.12290502793296089,0.1564245810055866,16.0,3.0,19.0
2025-11-24,20,poisson,0.1044766215914373,0.08393662836410644,8.016415034226476,5.983584965773524,14.0
2025-11-24,20,last_week,0.09497206703910614,0.10614525139664804,11.0,3.0,14.0
2025-11-24,21,poisson,0.07820002744311434,0.03965038191755182,0.4939036344039227,7.493903634403923,7.0
2025-11-24,21,last_week,0.055865921787709494,0.055865921787709494,4.0,3.0,7.0
2025-11-24,22,poisson,0.06725375157047499,0.033699181233368514,0.4453084308623474,6.445308430862347,6.0
2025-11-24,22,last_week,0.061452513966480445,0.061452513966480445,1.0,5.0,6.0
2025-11-24,23,poisson,0.0650349895110376,0.04970365988275871,2.013300978766223,4.986699021233777,7.0
2025-11-24,23,last_week,0.0670391061452514,0.0782122905027933,2.0,5.0,7.0
