surge_at,extra,storm_avg_min,storm_p90_min,storm_truck_hours,normal_avg_min,normal_extra_truck_hours,all_day_truck_hours,chosen
1.3,2,10.56,19.04,171.6,8.07,11.0,192.0,False
1.3,3,9.48,17.66,185.2,8.06,16.5,216.0,False
1.3,4,9.0,16.12,198.8,8.06,22.0,240.0,False
1.5,2,10.32,19.24,167.4,8.2,6.75,192.0,False
1.5,3,9.6,17.86,178.8,8.19,10.12,216.0,False
1.5,4,8.84,16.4,190.6,8.19,13.5,240.0,False
2.0,2,10.78,19.76,162.6,8.26,3.0,192.0,False
2.0,3,10.1,18.44,171.8,8.25,4.5,216.0,False
2.0,4,9.56,17.72,181.0,8.25,6.0,240.0,True
2.5,2,11.48,21.24,158.0,8.3,1.25,192.0,False
2.5,3,11.06,20.92,165.2,8.29,1.88,216.0,False
2.5,4,10.68,19.72,172.2,8.29,2.5,240.0,False
